name,category,address,neighborhood,gu,latitude,longitude,rating,signature_menu,hours,phone,instagram
어니언 성수,카페/베이커리,서울특별시 성동구 아차산로9길 8,성수동,성동구,37.5447,127.0558,4.5,"팡도르, 소금빵, 아메리카노",08:00-22:00,02-1234-5001,https://instagram.com/onion.seoul
베통 성수 플래그십,베이커리,서울특별시 성동구 연무장5가길 7,성수동,성동구,37.5444,127.056,4.7,"퀸아망, 크루아상, 레몬머랭타르트",09:00-21:00,02-1234-5002,https://instagram.com/beton.bakery
밀도 성수,베이커리,서울특별시 성동구 서울숲2길 32-14,성수동,성동구,37.5451,127.0444,4.6,"식빵, 크루아상, 소금버터롤",08:00-20:00,02-1234-5003,https://instagram.com/milddo
프릳츠 성수,카페/베이커리,서울특별시 성동구 서울숲길 43,성수동,성동구,37.5449,127.0443,4.6,"핸드드립커피, 크루아상, 브레드",07:00-21:00,02-464-7078,https://instagram.com/fritz_coffee
블루보틀 성수,카페,서울특별시 성동구 왕십리로2길 21,성수동,성동구,37.5471,127.0425,4.4,"콜드브루, 라떼, 마들렌",08:00-21:00,02-1234-5005,https://bluebottlecoffee.com
코끼리베이글 성수,베이커리,서울특별시 성동구 연무장5가길 14,성수동,성동구,37.5445,127.0563,4.5,"플레인베이글, 크림치즈베이글, 잡곡베이글",09:00-20:00,02-1234-5006,https://instagram.com/elephant_bagel
소하염전,카페/베이커리,서울특별시 성동구 서울숲길 17,성수동,성동구,37.545,127.0447,4.4,"소금빵, 크루아상, 아메리카노",09:00-21:00,02-1234-5007,https://instagram.com/soha_salt
멜로워 성수 더 플래그쉽,카페/베이커리,서울특별시 성동구 서울숲길 51,성수동,성동구,37.5452,127.0441,4.5,"퀸아망, 생초코멜로디, 아메리카노",09:00-21:00,02-1234-5008,https://instagram.com/mellower_coffee
누누베이크 성수,베이커리,서울특별시 성동구 연무장5나길 5,성수동,성동구,37.5443,127.0566,4.3,"타르트, 마카롱, 케이크",11:00-20:00,02-1234-5009,
아꼬떼뒤파르크,베이커리,서울특별시 성동구 서울숲2길 44-13,성수동,성동구,37.5453,127.0442,4.4,"바게트, 크루아상, 에클레어",09:00-19:00,02-1234-5010,
카페 레이어드 연남,카페/베이커리,서울특별시 마포구 연남로1길 36,연남동,마포구,37.561,126.9249,4.6,"스콘, 케이크, 얼그레이라떼",11:00-22:00,02-323-8532,https://instagram.com/layered_seoul
커피몽타주 망원,카페,서울특별시 마포구 포은로6길 11,망원동,마포구,37.5571,126.9044,4.7,"핸드드립커피, 에스프레소, 구움과자",11:00-21:00,02-1234-5012,https://instagram.com/coffeemontage
카시코이 연희,카페/디저트,서울특별시 마포구 연희로11나길 7,연희동,마포구,37.5708,126.9283,4.5,"화과자, 말차라떼, 계절디저트",11:00-21:00,0507-1356-3390,https://instagram.com/kashikoi_seoul
리치몬드과자점 성산,베이커리,서울특별시 마포구 성미산로 114,성산동,마포구,37.5627,126.9288,4.5,"생크림케이크, 롤케이크, 마카롱",09:00-21:00,02-1234-5014,
오월의종 홍대,베이커리,서울특별시 마포구 와우산로29나길 19,서교동,마포구,37.5538,126.9253,4.4,"천연발효빵, 바게트, 소금빵",09:00-20:00,02-1234-5015,https://instagram.com/maybebread
베리블리스 마포,카페/베이커리,서울특별시 마포구 월드컵로 213,합정동,마포구,37.5498,126.9135,4.3,"케이크, 마카롱, 라떼",11:00-21:00,02-1234-5016,
로잉커피 마포,카페,서울특별시 마포구 독막로 249,합정동,마포구,37.5502,126.9138,4.4,"스페셜티커피, 케이크, 스콘",10:00-21:00,02-1234-5017,
이뮤 베이크샵,베이커리,서울특별시 마포구 동교로 247,연남동,마포구,37.5605,126.9262,4.4,"구움과자, 타르트, 케이크",11:00-21:00,02-1234-5018,
어니스트팬케이크,카페/디저트,서울특별시 마포구 성미산로7길 32,성산동,마포구,37.5631,126.9277,4.3,"팬케이크, 와플, 아메리카노",10:00-21:00,02-1234-5019,
자연도소금빵 홍대,베이커리,서울특별시 마포구 어울마당로 56,서교동,마포구,37.5542,126.9239,4.6,"소금빵, 버터크림빵, 크루아상",08:00-20:00,02-1234-5020,https://instagram.com/naturalsoumbread
기욤 신사,베이커리,서울특별시 강남구 압구정로34길 26,신사동,강남구,37.5258,127.0245,4.7,"크루아상, 에클레어, 마카롱",09:00-20:00,02-511-0855,https://instagram.com/guillaume_seoul
마망갸또 강남,베이커리/카페,서울특별시 강남구 도산대로45길 28,청담동,강남구,37.5255,127.0455,4.6,"마들렌, 피낭시에, 케이크",10:00-20:00,02-1234-5022,https://instagram.com/mamangaito
압구정 로데오 쁘띠갸또,베이커리,서울특별시 강남구 압구정로34길 15,신사동,강남구,37.5261,127.0249,4.5,"마카롱, 케이크, 피낭시에",11:00-21:00,02-1234-5023,
스위트에삐 강남,베이커리,서울특별시 강남구 강남대로106길 24,역삼동,강남구,37.5001,127.0296,4.4,"크루아상, 타르트, 머핀",09:00-21:00,02-1234-5024,
밀갸또,베이커리,서울특별시 강남구 선릉로 764,청담동,강남구,37.5255,127.0484,4.6,"밀크타르트, 크루아상, 피낭시에",10:00-20:00,02-1234-5025,
폴앤폴리나 청담,베이커리/카페,서울특별시 강남구 선릉로157길 34,청담동,강남구,37.5248,127.0499,4.5,"케이크, 마카롱, 라떼",11:00-20:00,02-1234-5026,
나폴레옹과자점 강남,베이커리,서울특별시 강남구 테헤란로2길 24,역삼동,강남구,37.5021,127.0282,4.4,"슈크림, 케이크, 단팥빵",09:00-21:00,02-1234-5027,
오뗄두스 청담,카페/베이커리,서울특별시 강남구 도산대로57길 25,청담동,강남구,37.5249,127.0461,4.6,"타르트, 케이크, 마카롱",11:00-20:00,02-1234-5028,https://instagram.com/otelldoux
크레미엘 강남,베이커리,서울특별시 강남구 강남대로94길 17,역삼동,강남구,37.5008,127.029,4.3,"크림빵, 소금빵, 크루아상",08:00-21:00,02-1234-5029,
당옥 신사,카페/디저트,서울특별시 강남구 논현로175길 109,신사동,강남구,37.5179,127.0218,4.5,"약과, 전통떡, 한과",11:00-21:00,010-9727-8190,https://instagram.com/dangok
태극당,베이커리,서울특별시 중구 동호로24길 7,장충동,중구,37.5566,127.0063,4.6,"모나카아이스크림, 단팥빵, 버터빵",08:00-21:00,02-2266-0074,http://www.taegeukdang.com
경인미술관전통다원,카페/전통,서울특별시 종로구 인사동10길 11-4,관훈동,종로구,37.5746,126.9848,4.4,"전통차, 한식다과, 식혜",10:00-20:00,02-730-6305,
딥블루레이크 종로,카페,서울특별시 종로구 사직로8길 21,내자동,종로구,37.5779,126.9707,4.5,"핸드드립커피, 케이크",10:00-21:00,070-7590-0885,https://instagram.com/deepbluelake
어니언 안국,카페/베이커리,서울특별시 종로구 계동길 5,계동,종로구,37.5795,126.9849,4.5,"팡도르, 소금빵, 아메리카노",10:00-21:00,02-1234-5033,https://instagram.com/onion.seoul
나무사이로 인사동,카페,서울특별시 종로구 인사동5길 7,인사동,종로구,37.5745,126.9851,4.3,"전통차, 쌍화차, 케이크",10:00-21:00,02-1234-5034,
브레드피트 북촌,베이커리,서울특별시 종로구 북촌로 30,가회동,종로구,37.5806,126.9849,4.4,"크루아상, 바게트, 치아바타",09:00-20:00,02-1234-5035,
메이벨베이커리 이태원,베이커리,서울특별시 용산구 이태원로 177,이태원동,용산구,37.5348,126.9942,4.5,"크루아상, 소금빵, 버터스카치롤",10:30-22:00,02-1234-5036,
피에트라 종로,카페,서울특별시 종로구 자하문로 70,청운동,종로구,37.5871,126.9636,4.4,"스페셜티커피, 케이크, 스콘",11:00-21:00,02-1234-5037,
아티장베이커스 한남,베이커리,서울특별시 용산구 독서당로 79,한남동,용산구,37.5356,127.0041,4.5,"천연발효빵, 바게트, 치아바타",09:00-20:00,02-1234-5038,https://instagram.com/artisanbakers
타르틴베이커리 이태원,베이커리,서울특별시 용산구 이태원로 203,이태원동,용산구,37.5351,126.9976,4.5,"컨트리브레드, 크루아상, 타르트",09:00-20:00,02-1234-5039,
교토마블 한남,카페,서울특별시 용산구 이태원로 240,이태원동,용산구,37.5347,126.9933,4.4,"아메리카노, 케이크, 와플",10:00-21:00,02-1234-5040,
써니브레드 한남,베이커리,서울특별시 용산구 독서당로 77,한남동,용산구,37.5358,127.0044,4.3,"소금빵, 바게트, 팥빵",08:00-20:00,02-1234-5041,
브레드05 용산,베이커리,서울특별시 용산구 한강대로76가길 6,한남동,용산구,37.5367,127.0039,4.4,"크루아상, 스콘, 레몬케이크",09:00-20:00,02-1234-5042,
우스블랑 숙대,베이커리,서울특별시 용산구 청파로45다길 17,청파동,용산구,37.5448,126.9682,4.6,"크루아상, 바게트, 판도르",09:00-19:00,02-1234-5043,https://instagram.com/oursblans
르빵 명동성당,베이커리,서울특별시 중구 명동길 74,명동,중구,37.5633,126.9872,4.5,"밤식빵, 크루아상, 소금빵",09:00-21:00,02-1234-5044,
쟝블랑제리,베이커리,서울특별시 관악구 낙성대로 6,봉천동,관악구,37.478,126.9647,4.5,"맘모스빵, 단팥빵, 크루아상",09:00-20:00,02-1234-5045,https://instagram.com/jean_boulangerie
삐아프 송파,카페/베이커리,서울특별시 송파구 백제고분로41길 12,잠실동,송파구,37.5092,127.0927,4.7,"크루아상, 케이크, 아메리카노",09:00-21:00,070-8973-7004,
바이레인 군자,베이커리,서울특별시 광진구 능동로 95,군자동,광진구,37.5489,127.0717,4.4,"크림빵, 카스테라, 소금빵",09:00-20:00,02-1234-5047,
브레드숨 이수,베이커리,서울특별시 동작구 동작대로1길 18,사당동,동작구,37.479,126.9817,4.3,"식빵, 버터롤, 크루아상",08:00-20:00,02-1234-5048,
김영모과자점 성북,베이커리,서울특별시 성북구 성북로 7,성북동,성북구,37.5906,127.0085,4.5,"슈크림, 밤과자, 단팥빵",09:00-21:00,02-742-7421,
호원당 성북,카페/전통,서울특별시 성북구 성북로26길 5,성북동,성북구,37.5903,127.0099,4.4,"전통차, 전통한과, 화전",11:00-21:00,02-1234-5050,
달콤커피 강남점,카페,서울특별시 강남구 대치동 41-26,대치동,강남구,37.4942,127.0277,4.1,"스페셜티커피, 티라미수, 마카롱",11:00-21:00,02-380-3914,
폴바셋 강남본점,카페,서울특별시 강남구 논현동 9-31,논현동,강남구,37.5017,127.0285,4.7,"콜드브루, 초코무스, 타르트",07:00-21:00,02-255-7642,
투썸플레이스 강남대로점,카페,서울특별시 강남구 압구정동 54-30,압구정동,강남구,37.5027,127.0242,4.8,"아메리카노, 라떼, 케이크",08:00-20:00,02-506-2335,
스타벅스 강남역점,카페,서울특별시 강남구 논현동 177-32,논현동,강남구,37.4994,127.031,4.3,"아메리카노, 라떼, 케이크",10:00-22:00,02-450-1071,
빌라드샬롯 청담,카페/베이커리,서울특별시 강남구 압구정동 90-39,압구정동,강남구,37.5214,127.0477,4.4,"식빵, 라떼, 마카롱",10:00-21:00,02-876-1150,
누데이크 청담,카페/디저트,서울특별시 강남구 대치동 48-29,대치동,강남구,37.5241,127.0461,4.1,"팬케이크, 와플, 커피",11:00-21:00,02-484-9643,
클로렌스 청담,카페/베이커리,서울특별시 강남구 삼성동 35-31,삼성동,강남구,37.5281,127.0474,4.5,"베이글, 커피, 스콘",09:00-21:00,02-379-1877,
노티드 도넛 강남,베이커리,서울특별시 강남구 역삼동 80-38,역삼동,강남구,37.5048,127.0217,4.8,"타르트, 에클레어, 마들렌",08:00-21:00,02-261-9238,
런던베이글뮤지엄 압구정,베이커리,서울특별시 강남구 논현동 123-1,논현동,강남구,37.5245,127.0336,4.3,"마카롱, 케이크, 피낭시에",11:00-21:00,02-417-6705,
아웃오브더블루 강남,카페,서울특별시 강남구 도곡동 159-47,도곡동,강남구,37.5041,127.0231,4.3,"아메리카노, 라떼, 케이크",11:00-21:00,02-690-4621,
그랑핸드 강남,카페,서울특별시 강남구 삼성동 169-45,삼성동,강남구,37.5107,127.0227,4.4,"핸드드립커피, 스콘, 마들렌",10:00-20:00,02-443-2358,
파스쿠찌 강남역점,카페,서울특별시 강남구 도곡동 7-18,도곡동,강남구,37.4981,127.0269,4.2,"스페셜티커피, 티라미수, 마카롱",10:00-20:00,02-895-4420,
매머드커피 강남역,카페,서울특별시 강남구 압구정동 175-12,압구정동,강남구,37.4967,127.0306,4.7,"스페셜티커피, 티라미수, 마카롱",09:00-21:00,02-505-8297,
블루스타커피,카페,서울특별시 강남구 도곡동 99-40,도곡동,강남구,37.5136,127.0206,4.2,"핸드드립커피, 스콘, 마들렌",07:00-21:00,02-722-1044,
앤트러사이트 논현,카페,서울특별시 강남구 도곡동 12-25,도곡동,강남구,37.5174,127.0217,4.3,"아메리카노, 라떼, 케이크",08:00-21:00,02-519-5080,
경의선숲길카페,카페,서울특별시 마포구 연희동 69-38,연희동,마포구,37.562,126.9274,4.8,"콜드브루, 초코무스, 타르트",10:00-21:00,02-109-6116,
연남방앗간,카페/디저트,서울특별시 마포구 망원동 181-14,망원동,마포구,37.5631,126.9236,4.2,"팬케이크, 와플, 커피",10:00-20:00,02-597-9371,
새벽감성 연남,베이커리,서울특별시 마포구 성산동 121-30,성산동,마포구,37.5645,126.9243,4.6,"식빵, 단팥빵, 크림빵",11:00-22:00,02-304-3736,
에그슬럿 홍대,카페,서울특별시 마포구 합정동 12-16,합정동,마포구,37.5558,126.9191,4.1,"핸드드립커피, 스콘, 마들렌",11:00-21:00,02-403-3681,
신촌팥죽 연남,카페/디저트,서울특별시 마포구 서교동 188-8,서교동,마포구,37.5599,126.931,4.7,"빙수, 라떼, 케이크",09:00-20:00,02-681-1102,
하남돼지집 옆 카페,카페,서울특별시 마포구 상암동 135-45,상암동,마포구,37.5578,126.9219,4.6,"핸드드립커피, 스콘, 마들렌",10:00-20:00,02-290-5249,
커피에반하다 홍대,카페,서울특별시 마포구 망원동 128-11,망원동,마포구,37.5597,126.9245,4.6,"핸드드립커피, 스콘, 마들렌",09:00-21:00,02-480-4432,
노티드 홍대,베이커리,서울특별시 마포구 합정동 26-43,합정동,마포구,37.5584,126.9257,4.7,"타르트, 에클레어, 마들렌",09:00-20:00,02-315-8837,
무무스 홍대,카페/베이커리,서울특별시 마포구 서교동 14-13,서교동,마포구,37.5531,126.922,4.3,"베이글, 커피, 스콘",11:00-21:00,02-439-8233,
빅웨이브커피 합정,카페,서울특별시 마포구 성산동 160-38,성산동,마포구,37.549,126.9174,4.4,"스페셜티커피, 티라미수, 마카롱",11:00-21:00,02-855-9389,
카페 핼리데이 망원,카페,서울특별시 마포구 연희동 44-25,연희동,마포구,37.5597,126.9027,4.5,"라떼, 와플, 생크림케이크",11:00-22:00,02-813-3368,
문화제빵 합정,베이커리,서울특별시 마포구 합정동 180-39,합정동,마포구,37.5495,126.9149,4.6,"천연발효빵, 치아바타, 포카차",11:00-21:00,02-285-3535,
밀도 합정,베이커리,서울특별시 마포구 상암동 178-5,상암동,마포구,37.5513,126.9101,4.4,"크루아상, 소금빵, 바게트",08:00-21:00,02-740-4564,
하하하커피 합정,카페,서울특별시 마포구 연희동 148-50,연희동,마포구,37.5524,126.9144,4.4,"콜드브루, 초코무스, 타르트",09:00-20:00,02-314-3899,
카페 수카라 연남,카페,서울특별시 마포구 공덕동 83-20,공덕동,마포구,37.562,126.9228,4.7,"아메리카노, 라떼, 케이크",09:00-20:00,02-207-7430,
앤트러사이트 한남,카페,서울특별시 용산구 원효로동 45-35,원효로동,용산구,37.5363,127.0037,4.8,"스페셜티커피, 티라미수, 마카롱",11:00-21:00,02-455-7566,
카페 마리아쥬 이태원,카페/디저트,서울특별시 용산구 청파동 199-25,청파동,용산구,37.537,126.992,4.4,"빙수, 라떼, 케이크",10:00-20:00,02-793-3392,
알로프트 이태원 카페,카페,서울특별시 용산구 용문동 16-16,용문동,용산구,37.5375,126.9948,4.4,"콜드브루, 초코무스, 타르트",10:00-22:00,02-203-6491,
테라로사 이태원,카페,서울특별시 용산구 한남동 171-2,한남동,용산구,37.5378,126.9986,4.8,"라떼, 와플, 생크림케이크",11:00-21:00,02-185-4151,
프릳츠 한남,카페/베이커리,서울특별시 용산구 원효로동 65-18,원효로동,용산구,37.5372,127.002,4.2,"소금빵, 아메리카노, 타르트",09:00-20:00,02-837-1667,
블루보틀 한남,카페,서울특별시 용산구 이태원동 82-28,이태원동,용산구,37.5351,127.0014,4.2,"콜드브루, 초코무스, 타르트",08:00-21:00,02-652-7390,
카페 이트프렌즈 이태원,카페,서울특별시 용산구 청파동 164-9,청파동,용산구,37.5364,126.9954,4.1,"아메리카노, 라떼, 케이크",11:00-22:00,02-810-6720,
서래마을 오레노 케이크,베이커리,서울특별시 용산구 이태원동 166-20,이태원동,용산구,37.5259,127.004,4.1,"식빵, 단팥빵, 크림빵",08:00-21:00,02-138-7374,
파티스리 브리짓 한남,베이커리,서울특별시 용산구 한남동 153-46,한남동,용산구,37.5357,127.0017,4.5,"크루아상, 소금빵, 바게트",09:00-20:00,02-756-7108,
카페 온더로드 이태원,카페,서울특별시 용산구 원효로동 136-50,원효로동,용산구,37.5343,126.9913,4.7,"스페셜티커피, 티라미수, 마카롱",11:00-22:00,02-518-3718,
익선다방 종로,카페/전통,서울특별시 종로구 삼청동 12-42,삼청동,종로구,37.5735,126.9902,4.5,"라떼, 와플, 생크림케이크",11:00-21:00,02-320-5831,
삼청동수제비옆카페,카페,서울특별시 종로구 익선동 167-23,익선동,종로구,37.578,126.9805,4.7,"콜드브루, 초코무스, 타르트",08:00-20:00,02-377-3073,
쌈지길카페 종로,카페,서울특별시 종로구 삼청동 36-34,삼청동,종로구,37.5711,126.987,4.5,"콜드브루, 초코무스, 타르트",11:00-21:00,02-617-8171,
통인시장 옆 카페,카페,서울특별시 종로구 계동 41-22,계동,종로구,37.5805,126.9673,4.5,"라떼, 와플, 생크림케이크",07:00-21:00,02-305-4262,
카페 비스테카 인사동,카페,서울특별시 종로구 가회동 17-25,가회동,종로구,37.573,126.9825,4.6,"핸드드립커피, 스콘, 마들렌",08:00-20:00,02-125-2456,
북촌커피 가회동,카페,서울특별시 종로구 익선동 110-29,익선동,종로구,37.5803,126.986,4.2,"스페셜티커피, 티라미수, 마카롱",07:00-21:00,02-283-5894,
잇츠마카롱 삼청동,베이커리/디저트,서울특별시 종로구 인사동 44-23,인사동,종로구,37.5807,126.9822,4.1,"케이크, 마카롱, 피낭시에",07:00-21:00,02-899-7147,
스타벅스 경복궁R점,카페,서울특별시 종로구 북촌 92-38,북촌,종로구,37.5764,126.9742,4.5,"콜드브루, 초코무스, 타르트",11:00-22:00,02-747-8191,
카페 디어앤테일러 삼청,카페,서울특별시 종로구 북촌 66-50,북촌,종로구,37.5808,126.9789,4.5,"스페셜티커피, 티라미수, 마카롱",07:00-21:00,02-644-6796,
키친 고래 인사동,카페,서울특별시 종로구 북촌 154-40,북촌,종로구,37.5739,126.983,4.5,"라떼, 와플, 생크림케이크",10:00-20:00,02-327-6019,
레드포인트 명동,카페,서울특별시 중구 장충동 84-4,장충동,중구,37.5639,126.9862,4.4,"핸드드립커피, 스콘, 마들렌",10:00-22:00,02-998-9043,
크리스피크림도넛 명동,베이커리,서울특별시 중구 남대문로 15-13,남대문로,중구,37.5618,126.9886,4.4,"천연발효빵, 치아바타, 포카차",09:00-21:00,02-496-5959,
던킨 명동점,베이커리,서울특별시 중구 필동 121-28,필동,중구,37.5647,126.9859,4.3,"타르트, 에클레어, 마들렌",11:00-22:00,02-221-8237,
투썸플레이스 명동점,카페,서울특별시 중구 을지로 45-34,을지로,중구,37.5627,126.9891,4.7,"아메리카노, 라떼, 케이크",10:00-22:00,02-746-8481,
카페 드 플로르 명동,카페,서울특별시 중구 남대문로 18-33,남대문로,중구,37.5665,126.9845,4.5,"핸드드립커피, 스콘, 마들렌",07:00-21:00,02-320-5052,
신촌 와플대학,카페/디저트,서울특별시 서대문구 연희동 70-23,연희동,서대문구,37.5562,126.9371,4.6,"팬케이크, 와플, 커피",09:00-21:00,02-821-7450,
신촌 팥빙수집,카페/디저트,서울특별시 서대문구 홍은동 170-38,홍은동,서대문구,37.5535,126.937,4.6,"타르트, 아메리카노, 마카롱",07:00-21:00,02-230-5582,
연세로 카페 유드림,카페,서울특별시 서대문구 신촌동 111-31,신촌동,서대문구,37.5547,126.9357,4.5,"아메리카노, 라떼, 케이크",08:00-20:00,02-500-5501,
카페보나 신촌,카페,서울특별시 서대문구 신촌동 41-35,신촌동,서대문구,37.5575,126.9375,4.8,"콜드브루, 초코무스, 타르트",08:00-21:00,02-385-5190,
홍은동 커피로스터리,카페,서울특별시 서대문구 홍제동 6-43,홍제동,서대문구,37.5815,126.941,4.1,"라떼, 와플, 생크림케이크",08:00-20:00,02-270-3154,
마곡 카페 클라우드,카페,서울특별시 강서구 발산동 196-2,발산동,강서구,37.5599,126.8333,4.1,"핸드드립커피, 스콘, 마들렌",11:00-22:00,02-734-8415,
발산역 베이커리숲,베이커리,서울특별시 강서구 발산동 82-9,발산동,강서구,37.553,126.8374,4.1,"식빵, 단팥빵, 크림빵",11:00-22:00,02-120-2378,
목동 파티스리,베이커리,서울특별시 양천구 목동 180-15,목동,양천구,37.5273,126.8692,4.4,"식빵, 단팥빵, 크림빵",11:00-22:00,02-239-2070,
목동 스위트팩토리,베이커리/카페,서울특별시 양천구 목동 35-4,목동,양천구,37.5282,126.8675,4.1,"라떼, 와플, 생크림케이크",09:00-21:00,02-833-7033,
신정동 브레드앤버터,베이커리,서울특별시 양천구 신월동 130-44,신월동,양천구,37.5258,126.8614,4.4,"마카롱, 케이크, 피낭시에",07:00-21:00,02-170-9530,
공릉동 빵집 카페,베이커리,서울특별시 노원구 월계동 108-22,월계동,노원구,37.6197,127.0761,4.4,"마카롱, 케이크, 피낭시에",10:00-20:00,02-333-2136,
상계동 달달스위트,카페/베이커리,서울특별시 노원구 상계동 37-27,상계동,노원구,37.6481,127.0615,4.4,"식빵, 라떼, 마카롱",09:00-21:00,02-956-7543,
도봉산역 커피빈,카페,서울특별시 도봉구 도봉동 20-44,도봉동,도봉구,37.6959,127.0454,4.5,"아메리카노, 라떼, 케이크",11:00-21:00,02-197-7602,
잠실 노티드,베이커리,서울특별시 송파구 가락동 70-23,가락동,송파구,37.5109,127.1014,4.5,"크루아상, 소금빵, 바게트",10:00-21:00,02-658-7305,
잠실 블랙업커피,카페,서울특별시 송파구 가락동 91-12,가락동,송파구,37.5093,127.1015,4.2,"콜드브루, 초코무스, 타르트",09:00-21:00,02-105-2682,
롯데월드몰 카페,카페,서울특별시 송파구 석촌동 188-42,석촌동,송파구,37.5114,127.1002,4.4,"아메리카노, 라떼, 케이크",09:00-21:00,02-653-3627,
가락동 타르틴,베이커리,서울특별시 송파구 석촌동 102-8,석촌동,송파구,37.4928,127.1154,4.2,"크루아상, 소금빵, 바게트",11:00-22:00,02-872-6426,
올림픽공원 카페,카페,서울특별시 송파구 석촌동 198-21,석촌동,송파구,37.5191,127.1239,4.8,"콜드브루, 초코무스, 타르트",10:00-22:00,02-825-6839,
건대 밀크티 카페,카페,서울특별시 광진구 중곡동 115-36,중곡동,광진구,37.5414,127.07,4.6,"핸드드립커피, 스콘, 마들렌",09:00-20:00,02-390-4287,
구의동 베이커리,베이커리,서울특별시 광진구 건대입구 178-6,건대입구,광진구,37.5408,127.0921,4.5,"마카롱, 케이크, 피낭시에",11:00-22:00,02-230-1799,
어린이대공원역 카페,카페,서울특별시 광진구 건대입구 146-45,건대입구,광진구,37.5514,127.0811,4.8,"아메리카노, 라떼, 케이크",11:00-21:00,02-378-8089,
불광동 브레드앤코,베이커리,서울특별시 은평구 연신내 198-12,연신내,은평구,37.6101,126.9286,4.3,"식빵, 단팥빵, 크림빵",10:00-20:00,02-779-9773,
연신내 달콤베이크,베이커리,서울특별시 은평구 연신내 36-16,연신내,은평구,37.6187,126.9196,4.7,"천연발효빵, 치아바타, 포카차",11:00-21:00,02-500-3621,
정릉동 빵집,베이커리,서울특별시 성북구 정릉동 47-50,정릉동,성북구,37.6073,127.0096,4.3,"마카롱, 케이크, 피낭시에",08:00-20:00,02-680-4467,
길음뉴타운 카페,카페,서울특별시 성북구 길음동 35-14,길음동,성북구,37.6094,126.9884,4.1,"콜드브루, 초코무스, 타르트",08:00-20:00,02-413-5271,
청량리역 빵집,베이커리,서울특별시 동대문구 이문동 66-10,이문동,동대문구,37.5807,127.0451,4.5,"식빵, 단팥빵, 크림빵",09:00-20:00,02-124-3822,
이문동 카페베이커리,카페/베이커리,서울특별시 동대문구 이문동 42-22,이문동,동대문구,37.5891,127.0624,4.5,"크루아상, 라떼, 케이크",10:00-21:00,02-661-7580,
신림동 빵집,베이커리,서울특별시 관악구 봉천동 37-13,봉천동,관악구,37.483,126.9258,4.5,"크루아상, 소금빵, 바게트",11:00-22:00,02-425-8338,
사당동 카페봄,카페,서울특별시 동작구 이수동 104-32,이수동,동작구,37.4742,126.9818,4.1,"라떼, 와플, 생크림케이크",09:00-21:00,02-220-9766,
이수역 브레드마켓,베이커리,서울특별시 동작구 사당동 23-20,사당동,동작구,37.4826,126.9808,4.4,"타르트, 에클레어, 마들렌",07:00-21:00,02-905-9834,
여의도 파리크라상,베이커리,서울특별시 영등포구 선유도 86-21,선유도,영등포구,37.5264,126.9242,4.5,"천연발효빵, 치아바타, 포카차",09:00-20:00,02-114-9590,
영등포 이랜드 카페,카페,서울특별시 영등포구 영등포동 104-39,영등포동,영등포구,37.5186,126.9069,4.6,"콜드브루, 초코무스, 타르트",11:00-22:00,02-244-6741,
선유도공원 카페,카페,서울특별시 영등포구 선유도 67-38,선유도,영등포구,37.5367,126.8969,4.3,"콜드브루, 초코무스, 타르트",10:00-22:00,02-780-1466,
베이커리 여름,베이커리,서울특별시 양천구 목동 53-70,목동,양천구,37.5146,126.8647,4.1,"식빵, 단팥빵, 크림빵",09:00-21:00,02-323-4811,
카페드 골목길,디저트,서울특별시 강남구 압구정동 215-29,압구정동,강남구,37.4985,127.0213,4.1,"과일타르트, 젤라또, 크레이프",10:00-21:00,02-814-7924,
아침 베이커리,카페/베이커리,서울특별시 중구 장충동 48-49,장충동,중구,37.5489,126.9964,4.5,"아메리카노, 라떼, 케이크",08:00-21:00,02-847-8527,
카페드 햇살,베이커리/디저트,서울특별시 은평구 불광동 186-74,불광동,은평구,37.6058,126.9101,4.4,"마카롱, 케이크, 피낭시에",11:00-21:00,02-181-4814,
베이커리 향기,디저트,서울특별시 양천구 신정동 84-48,신정동,양천구,37.5227,126.8721,4.2,"팬케이크, 와플, 크레이프",11:00-22:00,02-750-3803,
카페드 오후,카페/디저트,서울특별시 서대문구 홍은동 286-29,홍은동,서대문구,37.5635,126.9473,4.1,"스페셜티커피, 티라미수, 마카롱",10:00-22:00,02-941-1525,
감성 베이커리,베이커리,서울특별시 양천구 목동 162-28,목동,양천구,37.5317,126.8639,4.8,"천연발효빵, 치아바타, 포카차",10:00-21:00,02-371-3287,
마당 빵집,디저트,서울특별시 영등포구 영등포동 220-75,영등포동,영등포구,37.52,126.9056,4.3,"과일타르트, 젤라또, 크레이프",07:00-21:00,02-605-2489,
카페 햇살,베이커리,서울특별시 중구 을지로 33-50,을지로,중구,37.5574,127.0009,4.5,"타르트, 에클레어, 마들렌",07:00-21:00,02-981-1188,
베이커리 정원,카페/베이커리,서울특별시 양천구 신월동 151-56,신월동,양천구,37.5167,126.8521,4.5,"아메리카노, 라떼, 케이크",07:00-21:00,02-880-3927,
카페드 바람,베이커리,서울특별시 노원구 상계동 83-70,상계동,노원구,37.6476,127.0777,4.1,"마카롱, 케이크, 피낭시에",11:00-22:00,02-431-9005,
카페 햇살 7호점,카페,서울특별시 노원구 상계동 291-11,상계동,노원구,37.6216,127.0646,4.2,"핸드드립커피, 스콘, 마들렌",07:00-21:00,02-884-3060,
서울 카페,카페/베이커리,서울특별시 영등포구 여의도동 217-28,여의도동,영등포구,37.5359,126.9217,4.4,"콜드브루, 초코무스, 타르트",11:00-21:00,02-508-7118,
르 언덕,베이커리,서울특별시 동대문구 청량리 33-44,청량리,동대문구,37.5666,127.0536,4.4,"식빵, 단팥빵, 크림빵",08:00-21:00,02-172-1964,
하늘 빵집,카페,서울특별시 마포구 공덕동 122-36,공덕동,마포구,37.5631,126.9154,4.3,"콜드브루, 초코무스, 타르트",11:00-22:00,02-690-8744,
서울 빵집,카페,서울특별시 성북구 성북동 221-46,성북동,성북구,37.6067,126.993,4.1,"아메리카노, 라떼, 케이크",09:00-21:00,02-162-7596,
바람 베이커리,베이커리,서울특별시 강서구 발산동 230-18,발산동,강서구,37.5527,126.8294,4.4,"천연발효빵, 치아바타, 포카차",09:00-21:00,02-553-2604,
카페 정원,베이커리,서울특별시 강남구 청담동 209-63,청담동,강남구,37.4994,127.0389,4.1,"식빵, 단팥빵, 크림빵",10:00-21:00,02-488-1035,
저녁 케이크,카페/디저트,서울특별시 동대문구 이문동 250-20,이문동,동대문구,37.5717,127.0435,4.1,"콜드브루, 초코무스, 타르트",11:00-22:00,02-853-9883,
카페 미소,베이커리/디저트,서울특별시 마포구 연남동 258-68,연남동,마포구,37.5477,126.9378,4.2,"타르트, 에클레어, 마들렌",10:00-21:00,02-170-2113,
감성 빵집,베이커리/디저트,서울특별시 종로구 가회동 21-80,가회동,종로구,37.5645,126.9887,4.6,"천연발효빵, 치아바타, 포카차",11:00-21:00,02-309-6147,
저녁 빵집,디저트,서울특별시 은평구 불광동 235-41,불광동,은평구,37.6279,126.9361,4.1,"팬케이크, 와플, 크레이프",10:00-20:00,02-736-2638,
베이커리 정원 5호점,베이커리,서울특별시 동작구 이수동 36-32,이수동,동작구,37.4751,126.9717,4.5,"마카롱, 케이크, 피낭시에",11:00-22:00,02-926-9666,
카페 마당,베이커리,서울특별시 노원구 공릉동 60-14,공릉동,노원구,37.6413,127.0547,4.5,"마카롱, 케이크, 피낭시에",11:00-22:00,02-315-6617,
저녁 빵집 9호점,카페,서울특별시 양천구 목동 142-6,목동,양천구,37.5121,126.8751,4.5,"라떼, 와플, 생크림케이크",10:00-21:00,02-859-8239,
카페드 사랑,카페,서울특별시 영등포구 여의도동 77-70,여의도동,영등포구,37.5091,126.9101,4.3,"아메리카노, 라떼, 케이크",08:00-20:00,02-230-1685,
파티스리 따뜻,베이커리,서울특별시 마포구 공덕동 53-46,공덕동,마포구,37.5664,126.9355,4.7,"식빵, 단팥빵, 크림빵",11:00-22:00,02-867-3532,
꽃향기 빵집,카페,서울특별시 서대문구 홍은동 171-53,홍은동,서대문구,37.5671,126.9479,4.4,"핸드드립커피, 스콘, 마들렌",11:00-21:00,02-263-2771,
가을빛 케이크,베이커리,서울특별시 관악구 신림동 180-40,신림동,관악구,37.4936,126.9391,4.4,"타르트, 에클레어, 마들렌",08:00-21:00,02-775-4164,
행복 케이크,카페/베이커리,서울특별시 양천구 목동 261-52,목동,양천구,37.5324,126.8773,4.6,"스페셜티커피, 티라미수, 마카롱",08:00-21:00,02-218-5279,
테라스 카페,카페,서울특별시 양천구 목동 223-45,목동,양천구,37.5339,126.8614,4.2,"콜드브루, 초코무스, 타르트",08:00-20:00,02-690-4114,
파티스리 가을빛,베이커리/디저트,서울특별시 성북구 성북동 101-47,성북동,성북구,37.6069,127.0075,4.6,"천연발효빵, 치아바타, 포카차",11:00-22:00,02-421-3041,
파티스리 골목,카페/베이커리,서울특별시 노원구 월계동 152-71,월계동,노원구,37.6228,127.0626,4.7,"라떼, 와플, 생크림케이크",10:00-21:00,02-730-5930,
마당 케이크,카페/베이커리,서울특별시 강남구 삼성동 221-75,삼성동,강남구,37.5032,127.0227,4.8,"핸드드립커피, 스콘, 마들렌",10:00-20:00,02-791-4501,
카페드 서울,카페/베이커리,서울특별시 서대문구 연희동 172-12,연희동,서대문구,37.5676,126.9445,4.5,"콜드브루, 초코무스, 타르트",10:00-22:00,02-925-4262,
여름 카페,카페/디저트,서울특별시 마포구 서교동 38-59,서교동,마포구,37.5554,126.9279,4.4,"콜드브루, 초코무스, 타르트",08:00-20:00,02-606-7547,
별빛 빵집,카페/디저트,서울특별시 강남구 청담동 91-67,청담동,강남구,37.4989,127.0297,4.2,"핸드드립커피, 스콘, 마들렌",10:00-20:00,02-236-8612,
카페드 마당,카페/디저트,서울특별시 도봉구 방학동 259-55,방학동,도봉구,37.6779,127.0444,4.3,"콜드브루, 초코무스, 타르트",10:00-20:00,02-560-5246,
아침 빵집,디저트,서울특별시 동작구 이수동 141-57,이수동,동작구,37.4663,126.9756,4.5,"화과자, 전통한과, 약과",09:00-20:00,02-427-9849,
베이커리 달빛,카페/디저트,서울특별시 중구 장충동 110-9,장충동,중구,37.5584,126.9809,4.8,"핸드드립커피, 스콘, 마들렌",08:00-20:00,02-163-4388,
향기 케이크,카페,서울특별시 강동구 둔촌동 195-62,둔촌동,강동구,37.5192,127.1306,4.7,"콜드브루, 초코무스, 타르트",08:00-20:00,02-651-9947,
새벽 브레드,카페/베이커리,서울특별시 관악구 신림동 249-4,신림동,관악구,37.4807,126.9331,4.7,"라떼, 와플, 생크림케이크",10:00-21:00,02-960-8657,
작은 카페,카페/디저트,서울특별시 영등포구 여의도동 289-4,여의도동,영등포구,37.5105,126.9119,4.8,"콜드브루, 초코무스, 타르트",10:00-21:00,02-151-5262,
미소 케이크,카페/베이커리,서울특별시 성동구 금호동 195-36,금호동,성동구,37.5526,127.054,4.5,"스페셜티커피, 티라미수, 마카롱",09:00-21:00,02-581-1317,
카페드 겨울,디저트,서울특별시 광진구 건대입구 21-4,건대입구,광진구,37.5545,127.069,4.1,"빙수, 떡, 아이스크림",11:00-22:00,02-256-4908,
서울 카페 3호점,카페/디저트,서울특별시 강동구 천호동 189-22,천호동,강동구,37.5372,127.1489,4.2,"스페셜티커피, 티라미수, 마카롱",10:00-21:00,02-418-2771,
여름 브레드,카페/디저트,서울특별시 노원구 월계동 39-76,월계동,노원구,37.6397,127.0688,4.2,"핸드드립커피, 스콘, 마들렌",11:00-21:00,02-970-2983,
가을빛 브레드,카페/디저트,서울특별시 광진구 중곡동 36-65,중곡동,광진구,37.5454,127.0634,4.7,"스페셜티커피, 티라미수, 마카롱",10:00-20:00,02-208-8102,
소풍 베이커리,베이커리,서울특별시 중구 황학동 139-79,황학동,중구,37.5702,126.9871,4.8,"천연발효빵, 치아바타, 포카차",10:00-20:00,02-546-5397,
오후 베이커리,카페/디저트,서울특별시 용산구 청파동 238-73,청파동,용산구,37.5373,126.9934,4.1,"핸드드립커피, 스콘, 마들렌",10:00-20:00,02-971-6325,
도시 카페,카페/베이커리,서울특별시 성동구 행당동 144-77,행당동,성동구,37.551,127.0373,4.1,"스페셜티커피, 티라미수, 마카롱",07:00-21:00,02-295-2402,
여유 빵집,디저트,서울특별시 관악구 신림동 252-58,신림동,관악구,37.4928,126.9158,4.4,"초코분수, 아이스크림, 마카롱",08:00-20:00,02-808-4986,
파티스리 테라스,베이커리/디저트,서울특별시 광진구 구의동 177-55,구의동,광진구,37.5559,127.0795,4.6,"천연발효빵, 치아바타, 포카차",10:00-20:00,02-377-6023,
파티스리 새벽,카페/베이커리,서울특별시 종로구 가회동 275-24,가회동,종로구,37.5677,126.9912,4.5,"아메리카노, 라떼, 케이크",11:00-22:00,02-878-9595,
온기 브레드,카페/베이커리,서울특별시 종로구 가회동 185-23,가회동,종로구,37.5711,126.9902,4.3,"핸드드립커피, 스콘, 마들렌",11:00-21:00,02-146-1893,
카페드 온기,카페/디저트,서울특별시 중구 을지로 7-74,을지로,중구,37.5545,126.9854,4.6,"아메리카노, 라떼, 케이크",10:00-21:00,02-152-5136,
르 햇살,카페/디저트,서울특별시 용산구 서빙고동 296-7,서빙고동,용산구,37.5236,127.0063,4.5,"아메리카노, 라떼, 케이크",09:00-21:00,02-354-2940,
카페드 여유,베이커리/디저트,서울특별시 도봉구 도봉동 231-57,도봉동,도봉구,37.6619,127.0457,4.7,"타르트, 에클레어, 마들렌",11:00-21:00,02-682-1986,
바람 브레드,카페/베이커리,서울특별시 성동구 왕십리동 81-31,왕십리동,성동구,37.5352,127.0313,4.1,"아메리카노, 라떼, 케이크",08:00-20:00,02-561-8699,
파티스리 가을빛 5호점,디저트,서울특별시 노원구 중계동 37-30,중계동,노원구,37.6467,127.0736,4.4,"초코분수, 아이스크림, 마카롱",08:00-20:00,02-217-9922,
별빛 빵집 6호점,카페,서울특별시 중구 명동 158-77,명동,중구,37.5685,126.9881,4.5,"핸드드립커피, 스콘, 마들렌",10:00-20:00,02-227-8679,
파티스리 감성,베이커리/디저트,서울특별시 양천구 신월동 225-11,신월동,양천구,37.5299,126.8787,4.6,"타르트, 에클레어, 마들렌",11:00-22:00,02-356-1423,
베이커리 새벽,카페,서울특별시 강동구 둔촌동 296-6,둔촌동,강동구,37.5419,127.1253,4.8,"스페셜티커피, 티라미수, 마카롱",11:00-21:00,02-285-8141,
르 구름,카페/디저트,서울특별시 관악구 봉천동 165-14,봉천동,관악구,37.4947,126.9229,4.8,"스페셜티커피, 티라미수, 마카롱",11:00-21:00,02-778-7561,
카페드 가을빛,카페/베이커리,서울특별시 동대문구 청량리 166-15,청량리,동대문구,37.5951,127.0491,4.1,"스페셜티커피, 티라미수, 마카롱",07:00-21:00,02-573-7770,
카페 초록,베이커리/디저트,서울특별시 동작구 이수동 227-7,이수동,동작구,37.4701,126.9835,4.5,"타르트, 에클레어, 마들렌",10:00-20:00,02-815-8941,
베이커리 여름 5호점,베이커리/디저트,서울특별시 서대문구 충정로 283-53,충정로,서대문구,37.5458,126.9518,4.2,"크루아상, 소금빵, 바게트",10:00-20:00,02-220-3522,
르 온기,카페/베이커리,서울특별시 동작구 상도동 248-61,상도동,동작구,37.4713,126.9835,4.7,"라떼, 와플, 생크림케이크",10:00-22:00,02-713-9327,
하늘 카페,카페/베이커리,서울특별시 양천구 신정동 137-1,신정동,양천구,37.5205,126.861,4.8,"콜드브루, 초코무스, 타르트",10:00-21:00,02-557-9824,
르 달콤,베이커리/디저트,서울특별시 송파구 석촌동 234-42,석촌동,송파구,37.5221,127.1144,4.4,"타르트, 에클레어, 마들렌",11:00-22:00,02-492-4826,
가을빛 케이크 7호점,카페/디저트,서울특별시 관악구 봉천동 254-5,봉천동,관악구,37.4728,126.942,4.6,"핸드드립커피, 스콘, 마들렌",09:00-21:00,02-995-8213,
베이커리 언덕,디저트,서울특별시 동대문구 청량리 210-20,청량리,동대문구,37.5682,127.0604,4.5,"화과자, 전통한과, 약과",09:00-20:00,02-738-7512,
베이커리 행복,카페/베이커리,서울특별시 영등포구 영등포동 278-5,영등포동,영등포구,37.5265,126.906,4.5,"라떼, 와플, 생크림케이크",10:00-22:00,02-864-2480,
바람 케이크,베이커리,서울특별시 종로구 익선동 15-6,익선동,종로구,37.5717,126.9707,4.6,"마카롱, 케이크, 피낭시에",09:00-20:00,02-541-3385,
언덕 빵집,디저트,서울특별시 성북구 길음동 88-23,길음동,성북구,37.5964,127.0051,4.4,"화과자, 전통한과, 약과",10:00-20:00,02-697-3344,
소풍 빵집,카페/베이커리,서울특별시 양천구 신정동 239-37,신정동,양천구,37.5323,126.8567,4.8,"아메리카노, 라떼, 케이크",09:00-20:00,02-701-5901,
저녁 케이크 9호점,카페/디저트,서울특별시 노원구 상계동 55-31,상계동,노원구,37.6304,127.0608,4.5,"라떼, 와플, 생크림케이크",11:00-21:00,02-122-7484,
파티스리 봄날,디저트,서울특별시 강동구 둔촌동 255-37,둔촌동,강동구,37.5423,127.1269,4.6,"빙수, 떡, 아이스크림",10:00-22:00,02-751-4115,
저녁 브레드,카페,서울특별시 중구 을지로 159-57,을지로,중구,37.547,126.9819,4.3,"아메리카노, 라떼, 케이크",09:00-21:00,02-402-6352,
숲속 케이크,베이커리/디저트,서울특별시 성동구 왕십리동 272-65,왕십리동,성동구,37.5574,127.0539,4.5,"마카롱, 케이크, 피낭시에",10:00-20:00,02-925-5835,
햇살 베이커리,베이커리,서울특별시 동대문구 청량리 204-72,청량리,동대문구,37.577,127.0607,4.1,"식빵, 단팥빵, 크림빵",11:00-21:00,02-649-3024,
르 따뜻,카페/디저트,서울특별시 양천구 신월동 56-30,신월동,양천구,37.5261,126.8706,4.6,"스페셜티커피, 티라미수, 마카롱",11:00-22:00,02-326-2035,
르 설레임,베이커리,서울특별시 성북구 성북동 20-39,성북동,성북구,37.6239,126.9825,4.4,"크루아상, 소금빵, 바게트",07:00-21:00,02-238-7367,
르 따뜻 8호점,디저트,서울특별시 강동구 둔촌동 213-13,둔촌동,강동구,37.544,127.1385,4.5,"화과자, 전통한과, 약과",08:00-21:00,02-806-7070,
추억 빵집,카페/베이커리,서울특별시 동대문구 청량리 189-70,청량리,동대문구,37.5931,127.0563,4.1,"아메리카노, 라떼, 케이크",08:00-20:00,02-382-4109,
베이커리 소풍,베이커리,서울특별시 용산구 용문동 11-7,용문동,용산구,37.5426,126.9893,4.3,"천연발효빵, 치아바타, 포카차",11:00-22:00,02-310-2124,
카페드 노을,베이커리,서울특별시 강동구 천호동 76-77,천호동,강동구,37.5191,127.1458,4.3,"마카롱, 케이크, 피낭시에",10:00-21:00,02-653-5106,
햇살 카페,카페,서울특별시 강남구 신사동 122-76,신사동,강남구,37.4947,127.0182,4.1,"스페셜티커피, 티라미수, 마카롱",10:00-21:00,02-859-7897,
카페드 햇살 3호점,카페/베이커리,서울특별시 관악구 봉천동 56-58,봉천동,관악구,37.4841,126.9414,4.1,"콜드브루, 초코무스, 타르트",07:00-21:00,02-408-8504,
카페 겨울,카페/디저트,서울특별시 관악구 봉천동 252-57,봉천동,관악구,37.4712,126.9154,4.3,"아메리카노, 라떼, 케이크",09:00-21:00,02-229-5505,
테라스 브레드,카페/베이커리,서울특별시 영등포구 선유도 272-38,선유도,영등포구,37.5216,126.9172,4.2,"라떼, 와플, 생크림케이크",09:00-21:00,02-973-4522,
추억 케이크,카페/베이커리,서울특별시 강서구 등촌동 205-54,등촌동,강서구,37.5619,126.8304,4.6,"라떼, 와플, 생크림케이크",11:00-21:00,02-483-3500,
르 하늘,카페,서울특별시 용산구 이태원동 50-48,이태원동,용산구,37.5434,126.9987,4.6,"라떼, 와플, 생크림케이크",09:00-21:00,02-520-6793,
겨울 케이크,카페/베이커리,서울특별시 노원구 중계동 296-65,중계동,노원구,37.6254,127.0697,4.4,"아메리카노, 라떼, 케이크",09:00-21:00,02-458-7022,
베이커리 아침,카페/디저트,서울특별시 강동구 천호동 286-4,천호동,강동구,37.5373,127.1397,4.5,"콜드브루, 초코무스, 타르트",08:00-21:00,02-284-5477,
파티스리 행복,베이커리,서울특별시 광진구 건대입구 290-52,건대입구,광진구,37.5281,127.0852,4.1,"식빵, 단팥빵, 크림빵",09:00-21:00,02-864-9691,
향기 빵집,카페/베이커리,서울특별시 성북구 정릉동 190-40,정릉동,성북구,37.6156,127.0023,4.2,"핸드드립커피, 스콘, 마들렌",08:00-21:00,02-259-3579,
겨울 브레드,카페/디저트,서울특별시 용산구 청파동 249-78,청파동,용산구,37.5323,126.9902,4.2,"라떼, 와플, 생크림케이크",09:00-20:00,02-540-2816,
파티스리 테라스 9호점,카페/베이커리,서울특별시 동작구 상도동 113-51,상도동,동작구,37.4935,126.9686,4.4,"아메리카노, 라떼, 케이크",11:00-21:00,02-316-3248,
파티스리 온기,카페,서울특별시 송파구 잠실동 221-23,잠실동,송파구,37.4999,127.101,4.4,"라떼, 와플, 생크림케이크",07:00-21:00,02-672-6802,
베이커리 감성,카페,서울특별시 마포구 성산동 40-41,성산동,마포구,37.5603,126.9262,4.7,"라떼, 와플, 생크림케이크",11:00-21:00,02-217-7636,
카페 미소 4호점,디저트,서울특별시 도봉구 방학동 46-56,방학동,도봉구,37.6783,127.0353,4.7,"팬케이크, 와플, 크레이프",07:00-21:00,02-180-7484,
파티스리 행복 5호점,카페,서울특별시 송파구 방이동 59-68,방이동,송파구,37.5113,127.1122,4.6,"콜드브루, 초코무스, 타르트",09:00-20:00,02-844-3419,
바람 빵집,베이커리,서울특별시 중구 필동 79-10,필동,중구,37.5513,126.9942,4.8,"식빵, 단팥빵, 크림빵",10:00-20:00,02-872-8354,
작은 브레드,베이커리,서울특별시 송파구 가락동 35-61,가락동,송파구,37.5093,127.0941,4.5,"타르트, 에클레어, 마들렌",11:00-22:00,02-157-6766,
카페드 하늘,카페/디저트,서울특별시 노원구 월계동 30-48,월계동,노원구,37.644,127.0523,4.2,"아메리카노, 라떼, 케이크",11:00-22:00,02-708-9307,
소풍 케이크,디저트,서울특별시 강동구 둔촌동 231-74,둔촌동,강동구,37.5386,127.1296,4.8,"빙수, 떡, 아이스크림",07:00-21:00,02-254-2013,
르 바람,베이커리/디저트,서울특별시 송파구 잠실동 21-32,잠실동,송파구,37.5172,127.1147,4.3,"식빵, 단팥빵, 크림빵",09:00-20:00,02-481-5634,
여유 케이크,카페,서울특별시 송파구 석촌동 34-43,석촌동,송파구,37.4988,127.1054,4.5,"스페셜티커피, 티라미수, 마카롱",11:00-21:00,02-841-3463,
구름 베이커리,베이커리,서울특별시 강동구 둔촌동 159-51,둔촌동,강동구,37.5229,127.1413,4.2,"마카롱, 케이크, 피낭시에",11:00-21:00,02-672-7171,
달빛 베이커리,디저트,서울특별시 동작구 사당동 261-47,사당동,동작구,37.4645,126.9763,4.4,"초코분수, 아이스크림, 마카롱",09:00-20:00,02-884-8967,
새벽 빵집,카페,서울특별시 중구 장충동 52-65,장충동,중구,37.5691,126.9961,4.1,"스페셜티커피, 티라미수, 마카롱",09:00-20:00,02-997-3147,
향기 브레드,베이커리,서울특별시 중구 장충동 85-57,장충동,중구,37.5473,126.9819,4.4,"천연발효빵, 치아바타, 포카차",10:00-20:00,02-725-5668,
르 새벽,카페/베이커리,서울특별시 영등포구 여의도동 100-48,여의도동,영등포구,37.5283,126.9161,4.8,"라떼, 와플, 생크림케이크",10:00-20:00,02-887-5616,
골목 케이크,베이커리,서울특별시 동작구 이수동 71-33,이수동,동작구,37.4656,126.9814,4.6,"식빵, 단팥빵, 크림빵",07:00-21:00,02-205-9452,
베이커리 온기,카페/베이커리,서울특별시 용산구 한남동 263-19,한남동,용산구,37.5439,126.9848,4.4,"라떼, 와플, 생크림케이크",10:00-20:00,02-457-1436,
겨울 케이크 8호점,베이커리,서울특별시 동작구 이수동 42-48,이수동,동작구,37.4707,126.9766,4.2,"타르트, 에클레어, 마들렌",09:00-20:00,02-910-3392,
가을빛 카페,디저트,서울특별시 노원구 월계동 241-58,월계동,노원구,37.6375,127.0772,4.1,"화과자, 전통한과, 약과",11:00-21:00,02-320-3449,
카페드 골목길 8호점,베이커리,서울특별시 종로구 북촌 63-7,북촌,종로구,37.5692,126.9882,4.8,"마카롱, 케이크, 피낭시에",09:00-21:00,02-213-9189,
정원 브레드,디저트,서울특별시 강남구 압구정동 150-55,압구정동,강남구,37.485,127.0236,4.7,"화과자, 전통한과, 약과",10:00-21:00,02-780-2402,
카페드 따뜻,베이커리/디저트,서울특별시 용산구 원효로동 260-71,원효로동,용산구,37.5196,127.0082,4.1,"천연발효빵, 치아바타, 포카차",08:00-20:00,02-482-5155,
카페 달콤,베이커리,서울특별시 용산구 청파동 298-43,청파동,용산구,37.523,126.9926,4.6,"크루아상, 소금빵, 바게트",10:00-21:00,02-950-8612,
르 숲속,디저트,서울특별시 중구 명동 19-38,명동,중구,37.552,126.9947,4.1,"초코분수, 아이스크림, 마카롱",09:00-20:00,02-417-9444,
정원 케이크,카페,서울특별시 관악구 봉천동 147-46,봉천동,관악구,37.4949,126.9144,4.6,"핸드드립커피, 스콘, 마들렌",11:00-21:00,02-227-7029,
감성 케이크,카페/베이커리,서울특별시 동대문구 이문동 255-64,이문동,동대문구,37.577,127.0609,4.5,"핸드드립커피, 스콘, 마들렌",09:00-21:00,02-844-7955,
베이커리 사랑,베이커리/디저트,서울특별시 도봉구 도봉동 165-14,도봉동,도봉구,37.6554,127.0478,4.5,"마카롱, 케이크, 피낭시에",10:00-20:00,02-717-7981,
추억 카페,카페,서울특별시 광진구 구의동 223-36,구의동,광진구,37.5452,127.0867,4.1,"스페셜티커피, 티라미수, 마카롱",09:00-21:00,02-787-7655,
골목 베이커리,베이커리,서울특별시 서대문구 연희동 225-5,연희동,서대문구,37.5468,126.9291,4.6,"천연발효빵, 치아바타, 포카차",09:00-20:00,02-492-1530,
별빛 브레드,카페/베이커리,서울특별시 동대문구 이문동 40-74,이문동,동대문구,37.5701,127.048,4.6,"라떼, 와플, 생크림케이크",11:00-21:00,02-355-2858,
카페 숲속,베이커리/디저트,서울특별시 관악구 봉천동 135-34,봉천동,관악구,37.4901,126.9194,4.5,"크루아상, 소금빵, 바게트",10:00-20:00,02-304-3009,
하늘 카페 9호점,카페,서울특별시 서대문구 홍은동 178-9,홍은동,서대문구,37.5595,126.9307,4.5,"스페셜티커피, 티라미수, 마카롱",10:00-21:00,02-828-3852,
골목 베이커리 5호점,베이커리,서울특별시 종로구 가회동 253-4,가회동,종로구,37.5728,126.9862,4.8,"식빵, 단팥빵, 크림빵",07:00-21:00,02-232-2412,
베이커리 설레임,디저트,서울특별시 은평구 응암동 270-53,응암동,은평구,37.6231,126.9327,4.2,"초코분수, 아이스크림, 마카롱",10:00-21:00,02-424-2215,
르 소풍,베이커리,서울특별시 동작구 이수동 94-17,이수동,동작구,37.477,126.9943,4.1,"천연발효빵, 치아바타, 포카차",09:00-21:00,02-630-3507,
파티스리 꽃향기,디저트,서울특별시 서대문구 충정로 178-67,충정로,서대문구,37.5698,126.9474,4.5,"화과자, 전통한과, 약과",10:00-22:00,02-750-5496,
설레임 카페,베이커리/디저트,서울특별시 도봉구 도봉동 298-20,도봉동,도봉구,37.6581,127.0467,4.6,"식빵, 단팥빵, 크림빵",11:00-22:00,02-142-1464,
베이커리 가을빛,디저트,서울특별시 강동구 암사동 293-54,암사동,강동구,37.5375,127.1209,4.5,"화과자, 전통한과, 약과",11:00-21:00,02-594-5012,
설레임 케이크,디저트,서울특별시 동대문구 청량리 81-57,청량리,동대문구,37.5785,127.0509,4.6,"빙수, 떡, 아이스크림",11:00-22:00,02-247-6121,
달콤 베이커리,카페/베이커리,서울특별시 은평구 불광동 288-14,불광동,은평구,37.6096,126.922,4.5,"콜드브루, 초코무스, 타르트",10:00-20:00,02-353-3308,
베이커리 겨울,베이커리/디저트,서울특별시 노원구 월계동 128-21,월계동,노원구,37.6434,127.078,4.6,"타르트, 에클레어, 마들렌",10:00-22:00,02-881-3610,
르 골목,카페/베이커리,서울특별시 동대문구 이문동 12-12,이문동,동대문구,37.5944,127.0522,4.4,"라떼, 와플, 생크림케이크",10:00-22:00,02-697-6781,
카페 겨울 6호점,카페/베이커리,서울특별시 관악구 봉천동 5-14,봉천동,관악구,37.4819,126.9395,4.6,"콜드브루, 초코무스, 타르트",08:00-20:00,02-474-1741,
겨울 케이크 5호점,카페/베이커리,서울특별시 광진구 중곡동 198-65,중곡동,광진구,37.5395,127.0795,4.2,"아메리카노, 라떼, 케이크",10:00-21:00,02-199-7453,
행복 베이커리,베이커리,서울특별시 영등포구 영등포동 261-52,영등포동,영등포구,37.523,126.9004,4.3,"식빵, 단팥빵, 크림빵",09:00-20:00,02-923-8761,
카페드 소풍,베이커리/디저트,서울특별시 중구 남대문로 168-79,남대문로,중구,37.5556,126.9828,4.5,"식빵, 단팥빵, 크림빵",11:00-22:00,02-444-9311,
카페드 정원,카페/디저트,서울특별시 관악구 봉천동 189-43,봉천동,관악구,37.4892,126.9424,4.5,"아메리카노, 라떼, 케이크",08:00-21:00,02-711-8775,
파티스리 테라스 5호점,베이커리,서울특별시 마포구 연희동 195-19,연희동,마포구,37.5676,126.9163,4.2,"천연발효빵, 치아바타, 포카차",10:00-22:00,02-119-8225,
여유 베이커리,디저트,서울특별시 중구 황학동 211-65,황학동,중구,37.5692,126.9986,4.1,"화과자, 전통한과, 약과",10:00-21:00,02-631-4397,
카페드 미소,카페/베이커리,서울특별시 관악구 봉천동 236-69,봉천동,관악구,37.4793,126.9236,4.5,"핸드드립커피, 스콘, 마들렌",11:00-22:00,02-595-4150,
아침 빵집 6호점,카페/베이커리,서울특별시 강서구 화곡동 251-41,화곡동,강서구,37.5544,126.8378,4.5,"핸드드립커피, 스콘, 마들렌",11:00-21:00,02-224-9899,
감성 케이크 7호점,카페,서울특별시 중구 필동 41-45,필동,중구,37.5737,126.9907,4.8,"스페셜티커피, 티라미수, 마카롱",10:00-22:00,02-306-9824,
파티스리 마당,카페,서울특별시 양천구 목동 123-32,목동,양천구,37.5135,126.8792,4.4,"콜드브루, 초코무스, 타르트",10:00-22:00,02-153-2641,
행복 케이크 9호점,카페,서울특별시 종로구 계동 81-53,계동,종로구,37.5816,126.9954,4.8,"콜드브루, 초코무스, 타르트",10:00-20:00,02-766-4267,
파티스리 미소,카페,서울특별시 노원구 공릉동 119-69,공릉동,노원구,37.6412,127.0755,4.1,"콜드브루, 초코무스, 타르트",10:00-21:00,02-527-3880,
카페 감성,디저트,서울특별시 관악구 신림동 20-2,신림동,관악구,37.478,126.9311,4.6,"팬케이크, 와플, 크레이프",11:00-21:00,02-565-9901,
카페드 도시,카페/디저트,서울특별시 중구 남대문로 99-15,남대문로,중구,37.5559,126.9929,4.5,"스페셜티커피, 티라미수, 마카롱",10:00-21:00,02-114-6523,
파티스리 창문,베이커리/디저트,서울특별시 성동구 왕십리동 219-66,왕십리동,성동구,37.5398,127.041,4.2,"타르트, 에클레어, 마들렌",10:00-21:00,02-243-8822,
오후 베이커리 2호점,베이커리,서울특별시 양천구 신정동 137-43,신정동,양천구,37.5211,126.8737,4.1,"타르트, 에클레어, 마들렌",11:00-21:00,02-769-6890,
겨울 빵집,카페/베이커리,서울특별시 종로구 익선동 208-65,익선동,종로구,37.5897,126.9956,4.5,"핸드드립커피, 스콘, 마들렌",09:00-21:00,02-754-5833,
작은 베이커리,베이커리,서울특별시 강서구 발산동 79-59,발산동,강서구,37.5624,126.8392,4.7,"타르트, 에클레어, 마들렌",07:00-21:00,02-582-9806,
오후 빵집,베이커리/디저트,서울특별시 도봉구 도봉동 271-47,도봉동,도봉구,37.6553,127.0449,4.1,"타르트, 에클레어, 마들렌",07:00-21:00,02-617-4312,
정원 브레드 4호점,베이커리/디저트,서울특별시 서대문구 충정로 60-27,충정로,서대문구,37.5645,126.9367,4.8,"타르트, 에클레어, 마들렌",08:00-21:00,02-564-3161,
카페드 여유 9호점,베이커리/디저트,서울특별시 강동구 천호동 158-3,천호동,강동구,37.5309,127.1445,4.4,"타르트, 에클레어, 마들렌",11:00-22:00,02-174-1742,
달콤 케이크,카페,서울특별시 용산구 원효로동 242-5,원효로동,용산구,37.5276,126.9874,4.3,"아메리카노, 라떼, 케이크",08:00-20:00,02-483-7266,
르 향기,디저트,서울특별시 은평구 불광동 69-45,불광동,은평구,37.6036,126.9378,4.7,"과일타르트, 젤라또, 크레이프",07:00-21:00,02-230-4648,
카페 여름,디저트,서울특별시 노원구 월계동 218-69,월계동,노원구,37.6304,127.0569,4.8,"과일타르트, 젤라또, 크레이프",09:00-20:00,02-258-5516,
햇살 빵집,베이커리/디저트,서울특별시 마포구 성산동 124-27,성산동,마포구,37.545,126.9268,4.8,"크루아상, 소금빵, 바게트",11:00-22:00,02-788-1797,
가을빛 빵집,베이커리,서울특별시 은평구 연신내 112-8,연신내,은평구,37.6042,126.9378,4.4,"천연발효빵, 치아바타, 포카차",11:00-22:00,02-426-6253,
설레임 빵집,베이커리/디저트,서울특별시 중구 을지로 212-39,을지로,중구,37.5543,126.9877,4.3,"식빵, 단팥빵, 크림빵",08:00-20:00,02-669-9120,
카페 달콤 8호점,디저트,서울특별시 동작구 이수동 210-20,이수동,동작구,37.473,126.9725,4.8,"초코분수, 아이스크림, 마카롱",10:00-22:00,02-969-4692,
파티스리 별빛,베이커리/디저트,서울특별시 동대문구 청량리 214-72,청량리,동대문구,37.5819,127.0487,4.5,"타르트, 에클레어, 마들렌",10:00-22:00,02-438-2295,
르 따뜻 3호점,베이커리,서울특별시 영등포구 선유도 138-49,선유도,영등포구,37.5282,126.9171,4.2,"크루아상, 소금빵, 바게트",10:00-22:00,02-923-4555,
르 노을,카페,서울특별시 송파구 가락동 98-16,가락동,송파구,37.5184,127.1076,4.4,"핸드드립커피, 스콘, 마들렌",11:00-22:00,02-820-4350,
오후 케이크,카페/베이커리,서울특별시 영등포구 영등포동 239-69,영등포동,영등포구,37.5275,126.9083,4.6,"라떼, 와플, 생크림케이크",07:00-21:00,02-609-8635,
베이커리 서울,카페/베이커리,서울특별시 송파구 방이동 212-6,방이동,송파구,37.5129,127.0916,4.3,"스페셜티커피, 티라미수, 마카롱",08:00-21:00,02-367-7841,
파티스리 별빛 5호점,카페/디저트,서울특별시 송파구 방이동 126-64,방이동,송파구,37.5125,127.1133,4.6,"콜드브루, 초코무스, 타르트",11:00-21:00,02-881-9005,
르 소풍 4호점,베이커리,서울특별시 광진구 건대입구 251-24,건대입구,광진구,37.5535,127.0793,4.1,"천연발효빵, 치아바타, 포카차",07:00-21:00,02-134-2217,
카페 봄날,디저트,서울특별시 성북구 성북동 35-20,성북동,성북구,37.5943,126.9942,4.6,"화과자, 전통한과, 약과",08:00-21:00,02-732-8916,
르 여름,카페,서울특별시 강남구 도곡동 272-36,도곡동,강남구,37.5011,127.0216,4.7,"아메리카노, 라떼, 케이크",10:00-21:00,02-209-2578,
카페드 별빛,베이커리/디저트,서울특별시 강서구 발산동 130-46,발산동,강서구,37.548,126.8329,4.6,"천연발효빵, 치아바타, 포카차",08:00-20:00,02-570-4984,
설레임 빵집 3호점,카페/디저트,서울특별시 마포구 합정동 194-71,합정동,마포구,37.5573,126.9281,4.3,"라떼, 와플, 생크림케이크",09:00-21:00,02-611-8109,
창문 베이커리,베이커리,서울특별시 종로구 인사동 291-61,인사동,종로구,37.5701,126.9967,4.5,"식빵, 단팥빵, 크림빵",07:00-21:00,02-677-1539,
미소 카페,베이커리/디저트,서울특별시 강남구 압구정동 204-10,압구정동,강남구,37.494,127.0299,4.7,"식빵, 단팥빵, 크림빵",07:00-21:00,02-439-7288,
구름 카페,카페/베이커리,서울특별시 동작구 상도동 51-56,상도동,동작구,37.471,126.9693,4.7,"아메리카노, 라떼, 케이크",09:00-20:00,02-130-5478,
르 도시,베이커리/디저트,서울특별시 강서구 화곡동 222-24,화곡동,강서구,37.5604,126.8408,4.2,"타르트, 에클레어, 마들렌",11:00-22:00,02-402-5037,
베이커리 구름,카페/디저트,서울특별시 양천구 목동 200-41,목동,양천구,37.5228,126.8547,4.5,"핸드드립커피, 스콘, 마들렌",10:00-20:00,02-468-5419,
베이커리 달빛 3호점,카페/디저트,서울특별시 서대문구 홍은동 285-66,홍은동,서대문구,37.5552,126.9228,4.6,"콜드브루, 초코무스, 타르트",07:00-21:00,02-195-6315,
봄날 케이크,카페/디저트,서울특별시 노원구 월계동 287-32,월계동,노원구,37.6362,127.0551,4.7,"아메리카노, 라떼, 케이크",10:00-21:00,02-242-5405,
파티스리 아침,카페,서울특별시 관악구 신림동 223-36,신림동,관악구,37.4816,126.9275,4.2,"핸드드립커피, 스콘, 마들렌",09:00-20:00,02-357-5040,
르 골목길,카페/디저트,서울특별시 도봉구 도봉동 70-39,도봉동,도봉구,37.6532,127.0399,4.7,"아메리카노, 라떼, 케이크",09:00-20:00,02-550-6484,
골목길 케이크,카페/베이커리,서울특별시 중구 필동 103-62,필동,중구,37.5554,126.9999,4.6,"콜드브루, 초코무스, 타르트",11:00-21:00,02-852-9044,
오후 브레드,카페/베이커리,서울특별시 송파구 문정동 187-15,문정동,송파구,37.524,127.091,4.3,"라떼, 와플, 생크림케이크",07:00-21:00,02-127-8563,
추억 빵집 6호점,디저트,서울특별시 용산구 서빙고동 72-39,서빙고동,용산구,37.5263,127.0018,4.7,"초코분수, 아이스크림, 마카롱",08:00-20:00,02-175-8357,
서울 브레드,베이커리/디저트,서울특별시 강동구 암사동 215-70,암사동,강동구,37.5201,127.1491,4.2,"천연발효빵, 치아바타, 포카차",09:00-21:00,02-887-5067,
꽃향기 베이커리,베이커리/디저트,서울특별시 도봉구 도봉동 170-56,도봉동,도봉구,37.6562,127.031,4.4,"타르트, 에클레어, 마들렌",07:00-21:00,02-864-9499,
카페드 테라스,카페/디저트,서울특별시 강동구 천호동 201-60,천호동,강동구,37.5422,127.1377,4.3,"스페셜티커피, 티라미수, 마카롱",09:00-20:00,02-125-8909,
베이커리 온기 8호점,디저트,서울특별시 용산구 이태원동 179-40,이태원동,용산구,37.5293,127.0055,4.8,"화과자, 전통한과, 약과",09:00-20:00,02-587-2599,
르 추억,카페/베이커리,서울특별시 송파구 잠실동 59-3,잠실동,송파구,37.5215,127.1044,4.3,"아메리카노, 라떼, 케이크",10:00-22:00,02-628-3858,
카페드 꽃향기,카페/디저트,서울특별시 송파구 석촌동 119-52,석촌동,송파구,37.5149,127.0906,4.7,"라떼, 와플, 생크림케이크",08:00-20:00,02-129-4232,
르 테라스,카페,서울특별시 성북구 정릉동 106-36,정릉동,성북구,37.6166,127.0033,4.2,"핸드드립커피, 스콘, 마들렌",11:00-22:00,02-204-9796,
따뜻 카페,카페/디저트,서울특별시 송파구 방이동 135-63,방이동,송파구,37.5118,127.1042,4.7,"아메리카노, 라떼, 케이크",11:00-22:00,02-501-2871,
달콤 베이커리 9호점,디저트,서울특별시 도봉구 도봉동 44-18,도봉동,도봉구,37.6624,127.0352,4.2,"팬케이크, 와플, 크레이프",10:00-21:00,02-482-3316,
카페드 향기,베이커리,서울특별시 성북구 길음동 197-55,길음동,성북구,37.5996,126.9981,4.3,"천연발효빵, 치아바타, 포카차",07:00-21:00,02-270-9022,
파티스리 달빛,카페/디저트,서울특별시 서대문구 충정로 28-46,충정로,서대문구,37.5716,126.9365,4.4,"콜드브루, 초코무스, 타르트",08:00-20:00,02-675-9281,
르 여유,디저트,서울특별시 관악구 봉천동 251-22,봉천동,관악구,37.4715,126.9139,4.4,"초코분수, 아이스크림, 마카롱",11:00-21:00,02-133-5503,
정원 빵집,카페/디저트,서울특별시 노원구 상계동 254-71,상계동,노원구,37.6343,127.0672,4.5,"콜드브루, 초코무스, 타르트",07:00-21:00,02-943-7010,
카페드 가을빛 9호점,카페/디저트,서울특별시 영등포구 여의도동 127-39,여의도동,영등포구,37.5342,126.9,4.5,"아메리카노, 라떼, 케이크",09:00-20:00,02-982-2425,
르 햇살 5호점,디저트,서울특별시 성동구 옥수동 220-22,옥수동,성동구,37.5485,127.0525,4.4,"팬케이크, 와플, 크레이프",08:00-21:00,02-683-6747,
카페드 아침,카페/베이커리,서울특별시 도봉구 도봉동 149-74,도봉동,도봉구,37.661,127.0537,4.2,"스페셜티커피, 티라미수, 마카롱",10:00-21:00,02-868-7743,
카페 아침,베이커리,서울특별시 중구 을지로 75-42,을지로,중구,37.5709,126.9938,4.7,"식빵, 단팥빵, 크림빵",10:00-20:00,02-245-5402,
향기 케이크 9호점,카페,서울특별시 용산구 용문동 264-36,용문동,용산구,37.5398,127.0083,4.8,"라떼, 와플, 생크림케이크",10:00-20:00,02-435-1040,
베이커리 소풍 7호점,카페/디저트,서울특별시 용산구 원효로동 220-28,원효로동,용산구,37.5338,126.9917,4.5,"핸드드립커피, 스콘, 마들렌",09:00-20:00,02-660-3139,
도시 브레드,카페,서울특별시 송파구 잠실동 236-3,잠실동,송파구,37.4997,127.1107,4.8,"아메리카노, 라떼, 케이크",10:00-20:00,02-100-8009,
달빛 빵집,카페/베이커리,서울특별시 노원구 상계동 185-33,상계동,노원구,37.6215,127.0699,4.3,"아메리카노, 라떼, 케이크",08:00-21:00,02-505-6005,
사랑 빵집,카페,서울특별시 용산구 용문동 110-62,용문동,용산구,37.5213,126.9998,4.8,"아메리카노, 라떼, 케이크",08:00-21:00,02-108-6629,
베이커리 사랑 4호점,베이커리,서울특별시 관악구 신림동 46-14,신림동,관악구,37.4721,126.924,4.5,"타르트, 에클레어, 마들렌",10:00-21:00,02-491-3181,
하늘 카페 2호점,카페/디저트,서울특별시 도봉구 도봉동 110-20,도봉동,도봉구,37.6806,127.0465,4.8,"스페셜티커피, 티라미수, 마카롱",10:00-22:00,02-188-2646,
햇살 카페 8호점,카페/베이커리,서울특별시 광진구 구의동 127-36,구의동,광진구,37.5453,127.0704,4.5,"핸드드립커피, 스콘, 마들렌",08:00-21:00,02-968-5942,
언덕 빵집 5호점,디저트,서울특별시 은평구 연신내 123-64,연신내,은평구,37.6116,126.9152,4.2,"빙수, 떡, 아이스크림",07:00-21:00,02-112-6916,
달빛 베이커리 8호점,카페/베이커리,서울특별시 강동구 암사동 89-61,암사동,강동구,37.5476,127.1431,4.1,"콜드브루, 초코무스, 타르트",11:00-22:00,02-169-1225,
파티스리 노을,카페/디저트,서울특별시 마포구 연남동 147-65,연남동,마포구,37.566,126.9217,4.7,"콜드브루, 초코무스, 타르트",09:00-21:00,02-755-9791,
카페드 작은,카페,서울특별시 중구 필동 41-66,필동,중구,37.5736,127.0002,4.3,"스페셜티커피, 티라미수, 마카롱",07:00-21:00,02-434-7401,
하늘 브레드,디저트,서울특별시 노원구 월계동 30-32,월계동,노원구,37.6216,127.063,4.8,"화과자, 전통한과, 약과",11:00-22:00,02-723-1901,
파티스리 숲속,디저트,서울특별시 종로구 인사동 6-21,인사동,종로구,37.5769,126.9794,4.5,"화과자, 전통한과, 약과",10:00-21:00,02-480-3079,
파티스리 햇살,카페/디저트,서울특별시 강남구 논현동 269-9,논현동,강남구,37.4929,127.0423,4.2,"스페셜티커피, 티라미수, 마카롱",10:00-20:00,02-566-9368,
겨울 베이커리,카페/베이커리,서울특별시 관악구 신림동 131-14,신림동,관악구,37.4958,126.9332,4.2,"핸드드립커피, 스콘, 마들렌",10:00-22:00,02-858-9336,
카페 가을빛,카페,서울특별시 강남구 압구정동 187-50,압구정동,강남구,37.5126,127.0184,4.1,"라떼, 와플, 생크림케이크",07:00-21:00,02-922-7870,
미소 빵집,디저트,서울특별시 강서구 등촌동 139-10,등촌동,강서구,37.5571,126.8246,4.1,"팬케이크, 와플, 크레이프",10:00-21:00,02-328-9450,
카페 감성 3호점,카페/베이커리,서울특별시 동대문구 이문동 45-71,이문동,동대문구,37.5797,127.0481,4.5,"스페셜티커피, 티라미수, 마카롱",11:00-22:00,02-903-5979,
오후 브레드 9호점,카페/디저트,서울특별시 광진구 중곡동 280-32,중곡동,광진구,37.5305,127.091,4.1,"핸드드립커피, 스콘, 마들렌",10:00-22:00,02-654-6675,
카페 행복,디저트,서울특별시 강남구 도곡동 54-27,도곡동,강남구,37.5009,127.0201,4.8,"팬케이크, 와플, 크레이프",08:00-21:00,02-245-5584,
베이커리 가을빛 5호점,디저트,서울특별시 동작구 이수동 235-11,이수동,동작구,37.4814,126.9822,4.7,"팬케이크, 와플, 크레이프",09:00-21:00,02-706-2020,
달빛 케이크,카페/베이커리,서울특별시 강서구 화곡동 202-42,화곡동,강서구,37.5495,126.8292,4.2,"스페셜티커피, 티라미수, 마카롱",10:00-22:00,02-239-2785,
바람 카페,카페/디저트,서울특별시 서대문구 홍은동 209-16,홍은동,서대문구,37.5591,126.9509,4.4,"스페셜티커피, 티라미수, 마카롱",10:00-20:00,02-415-8591,
파티스리 햇살 3호점,디저트,서울특별시 서대문구 충정로 21-28,충정로,서대문구,37.5681,126.9318,4.2,"과일타르트, 젤라또, 크레이프",10:00-22:00,02-464-7492,
카페드 겨울 6호점,카페,서울특별시 양천구 목동 232-72,목동,양천구,37.5344,126.8595,4.8,"라떼, 와플, 생크림케이크",09:00-21:00,02-923-3290,
베이커리 봄날,베이커리,서울특별시 마포구 서교동 206-48,서교동,마포구,37.5636,126.9371,4.2,"식빵, 단팥빵, 크림빵",11:00-22:00,02-700-5240,
베이커리 여름 3호점,베이커리,서울특별시 성동구 금호동 170-16,금호동,성동구,37.5313,127.0428,4.3,"크루아상, 소금빵, 바게트",11:00-22:00,02-543-7471,
르 여름 8호점,카페/베이커리,서울특별시 성북구 성북동 96-36,성북동,성북구,37.6024,127.0055,4.1,"핸드드립커피, 스콘, 마들렌",11:00-22:00,02-734-5026,
파티스리 도시,카페/디저트,서울특별시 성북구 길음동 45-36,길음동,성북구,37.6055,126.9916,4.4,"아메리카노, 라떼, 케이크",07:00-21:00,02-913-1319,
달콤 케이크 9호점,카페/베이커리,서울특별시 영등포구 영등포동 258-42,영등포동,영등포구,37.5197,126.9044,4.6,"콜드브루, 초코무스, 타르트",11:00-22:00,02-324-1480,
파티스리 겨울,베이커리/디저트,서울특별시 관악구 봉천동 82-13,봉천동,관악구,37.4764,126.9202,4.1,"식빵, 단팥빵, 크림빵",10:00-22:00,02-689-7363,
숲속 베이커리,베이커리/디저트,서울특별시 서대문구 신촌동 184-76,신촌동,서대문구,37.5438,126.943,4.3,"마카롱, 케이크, 피낭시에",11:00-22:00,02-292-9064,
카페드 설레임,카페,서울특별시 서대문구 홍은동 29-30,홍은동,서대문구,37.561,126.9226,4.8,"아메리카노, 라떼, 케이크",08:00-21:00,02-439-4300,
행복 카페,카페,서울특별시 서대문구 충정로 76-76,충정로,서대문구,37.5641,126.9262,4.2,"아메리카노, 라떼, 케이크",07:00-21:00,02-981-6978,
베이커리 따뜻,카페,서울특별시 은평구 응암동 155-42,응암동,은평구,37.6041,126.9127,4.7,"스페셜티커피, 티라미수, 마카롱",10:00-20:00,02-764-6198,
마당 카페,베이커리,서울특별시 도봉구 방학동 90-49,방학동,도봉구,37.6622,127.0487,4.3,"천연발효빵, 치아바타, 포카차",10:00-21:00,02-846-1029,
감성 브레드,베이커리,서울특별시 강동구 천호동 163-79,천호동,강동구,37.5256,127.137,4.8,"천연발효빵, 치아바타, 포카차",10:00-21:00,02-439-2274,
달콤 빵집,디저트,서울특별시 송파구 방이동 172-58,방이동,송파구,37.4963,127.0913,4.2,"빙수, 떡, 아이스크림",09:00-20:00,02-362-2770,
카페 겨울 8호점,카페/디저트,서울특별시 동대문구 회기동 212-64,회기동,동대문구,37.5925,127.0475,4.7,"핸드드립커피, 스콘, 마들렌",09:00-21:00,02-948-8855,
새벽 브레드 4호점,카페,서울특별시 동대문구 청량리 11-41,청량리,동대문구,37.5738,127.0401,4.6,"스페셜티커피, 티라미수, 마카롱",10:00-21:00,02-484-3636,
베이커리 마당,베이커리/디저트,서울특별시 용산구 청파동 248-4,청파동,용산구,37.5319,127.0016,4.7,"천연발효빵, 치아바타, 포카차",10:00-21:00,02-154-2659,
노을 베이커리,디저트,서울특별시 성동구 금호동 277-34,금호동,성동구,37.5498,127.0379,4.2,"과일타르트, 젤라또, 크레이프",08:00-21:00,02-502-9043,
겨울 카페,카페/디저트,서울특별시 광진구 건대입구 151-77,건대입구,광진구,37.5404,127.0659,4.4,"아메리카노, 라떼, 케이크",10:00-21:00,02-753-5781,
베이커리 서울 3호점,카페/디저트,서울특별시 노원구 월계동 136-12,월계동,노원구,37.6383,127.0616,4.6,"라떼, 와플, 생크림케이크",08:00-20:00,02-478-4056,
르 가을빛,카페/디저트,서울특별시 양천구 신정동 116-35,신정동,양천구,37.5289,126.8565,4.2,"스페셜티커피, 티라미수, 마카롱",09:00-21:00,02-784-6632,
카페드 여유 5호점,카페/디저트,서울특별시 영등포구 여의도동 215-69,여의도동,영등포구,37.5286,126.9271,4.4,"콜드브루, 초코무스, 타르트",10:00-20:00,02-406-2293,
가을빛 케이크 4호점,베이커리,서울특별시 종로구 익선동 109-25,익선동,종로구,37.5658,126.9817,4.7,"식빵, 단팥빵, 크림빵",10:00-22:00,02-942-3422,
저녁 브레드 7호점,카페/디저트,서울특별시 용산구 이태원동 204-71,이태원동,용산구,37.5288,126.9903,4.8,"콜드브루, 초코무스, 타르트",08:00-21:00,02-905-9561,
햇살 케이크,베이커리,서울특별시 성북구 성북동 299-13,성북동,성북구,37.6217,126.9959,4.2,"천연발효빵, 치아바타, 포카차",11:00-21:00,02-988-9775,
여유 베이커리 6호점,카페/디저트,서울특별시 은평구 응암동 243-5,응암동,은평구,37.6052,126.9201,4.7,"콜드브루, 초코무스, 타르트",08:00-21:00,02-505-6431,
겨울 빵집 9호점,카페,서울특별시 양천구 신정동 156-40,신정동,양천구,37.5204,126.8667,4.2,"스페셜티커피, 티라미수, 마카롱",10:00-22:00,02-237-5923,
르 미소,카페/디저트,서울특별시 양천구 신월동 46-25,신월동,양천구,37.5253,126.8794,4.7,"콜드브루, 초코무스, 타르트",10:00-20:00,02-877-9462,
겨울 베이커리 4호점,디저트,서울특별시 용산구 청파동 207-18,청파동,용산구,37.5424,126.9977,4.1,"과일타르트, 젤라또, 크레이프",10:00-21:00,02-297-4288,
카페 오후,카페,서울특별시 마포구 연희동 102-36,연희동,마포구,37.5541,126.9229,4.7,"스페셜티커피, 티라미수, 마카롱",09:00-21:00,02-797-1500,
따뜻 빵집,베이커리,서울특별시 관악구 봉천동 283-45,봉천동,관악구,37.4793,126.9381,4.5,"타르트, 에클레어, 마들렌",09:00-21:00,02-391-1449,
겨울 케이크 4호점,베이커리,서울특별시 강동구 천호동 106-35,천호동,강동구,37.5385,127.1354,4.1,"식빵, 단팥빵, 크림빵",10:00-20:00,02-235-3837,
봄날 브레드,베이커리/디저트,서울특별시 강서구 화곡동 141-55,화곡동,강서구,37.5669,126.8465,4.8,"마카롱, 케이크, 피낭시에",11:00-21:00,02-323-8646,
파티스리 언덕,베이커리/디저트,서울특별시 도봉구 방학동 4-66,방학동,도봉구,37.683,127.057,4.6,"크루아상, 소금빵, 바게트",07:00-21:00,02-762-5631,
파티스리 바람,카페/베이커리,서울특별시 관악구 신림동 167-36,신림동,관악구,37.4768,126.9343,4.5,"스페셜티커피, 티라미수, 마카롱",10:00-22:00,02-253-9475,
겨울 빵집 8호점,디저트,서울특별시 송파구 방이동 255-38,방이동,송파구,37.5038,127.0976,4.7,"빙수, 떡, 아이스크림",08:00-21:00,02-697-4111,
새벽 베이커리,카페/디저트,서울특별시 영등포구 선유도 260-39,선유도,영등포구,37.5334,126.9242,4.3,"스페셜티커피, 티라미수, 마카롱",11:00-21:00,02-199-8713,
저녁 카페,디저트,서울특별시 영등포구 여의도동 46-29,여의도동,영등포구,37.5187,126.9213,4.5,"팬케이크, 와플, 크레이프",08:00-20:00,02-907-6428,
저녁 베이커리,카페/디저트,서울특별시 강동구 암사동 241-7,암사동,강동구,37.545,127.1375,4.2,"아메리카노, 라떼, 케이크",10:00-20:00,02-299-9199,
베이커리 향기 6호점,베이커리,서울특별시 성북구 성북동 103-44,성북동,성북구,37.6063,126.9961,4.8,"식빵, 단팥빵, 크림빵",10:00-21:00,02-423-3954,
베이커리 도시,카페/베이커리,서울특별시 송파구 방이동 3-58,방이동,송파구,37.5042,127.1078,4.3,"아메리카노, 라떼, 케이크",11:00-22:00,02-882-3595,
르 구름 4호점,디저트,서울특별시 도봉구 방학동 207-55,방학동,도봉구,37.682,127.0395,4.1,"초코분수, 아이스크림, 마카롱",07:00-21:00,02-304-7112,
카페 미소 5호점,디저트,서울특별시 강남구 역삼동 116-45,역삼동,강남구,37.4944,127.0161,4.5,"화과자, 전통한과, 약과",10:00-21:00,02-166-1749,
파티스리 온기 9호점,베이커리/디저트,서울특별시 동작구 상도동 223-18,상도동,동작구,37.4743,126.994,4.6,"마카롱, 케이크, 피낭시에",10:00-22:00,02-268-7609,
카페 새벽,베이커리,서울특별시 강서구 발산동 259-22,발산동,강서구,37.5437,126.8423,4.1,"크루아상, 소금빵, 바게트",08:00-20:00,02-997-5190,
카페드 작은 2호점,디저트,서울특별시 도봉구 도봉동 11-7,도봉동,도봉구,37.6737,127.0405,4.7,"빙수, 떡, 아이스크림",09:00-21:00,02-660-5140,
르 별빛,카페/베이커리,서울특별시 성동구 성수동 52-67,성수동,성동구,37.5381,127.0472,4.3,"라떼, 와플, 생크림케이크",08:00-20:00,02-950-2718,
카페드 작은 3호점,카페,서울특별시 노원구 공릉동 102-78,공릉동,노원구,37.625,127.0579,4.4,"라떼, 와플, 생크림케이크",09:00-20:00,02-820-7713,
파티스리 꽃향기 2호점,베이커리,서울특별시 영등포구 영등포동 170-31,영등포동,영등포구,37.5081,126.9191,4.2,"타르트, 에클레어, 마들렌",11:00-22:00,02-785-9095,
구름 카페 3호점,디저트,서울특별시 종로구 북촌 234-38,북촌,종로구,37.5699,126.9705,4.3,"화과자, 전통한과, 약과",08:00-21:00,02-972-5760,
미소 베이커리,카페,서울특별시 성북구 길음동 24-2,길음동,성북구,37.6196,126.9989,4.3,"아메리카노, 라떼, 케이크",09:00-20:00,02-466-8171,
아침 브레드,카페/베이커리,서울특별시 용산구 청파동 59-52,청파동,용산구,37.531,126.9957,4.7,"핸드드립커피, 스콘, 마들렌",10:00-20:00,02-919-7909,
햇살 카페 4호점,카페,서울특별시 마포구 망원동 248-73,망원동,마포구,37.5634,126.9144,4.7,"라떼, 와플, 생크림케이크",09:00-20:00,02-726-1472,
서울 카페 9호점,카페/디저트,서울특별시 종로구 평동 33-34,평동,종로구,37.5816,126.9694,4.4,"아메리카노, 라떼, 케이크",09:00-20:00,02-631-9570,
바람 브레드 8호점,카페/베이커리,서울특별시 강서구 등촌동 77-72,등촌동,강서구,37.5668,126.8394,4.1,"라떼, 와플, 생크림케이크",10:00-21:00,02-617-8688,
르 꽃향기,카페/베이커리,서울특별시 용산구 서빙고동 170-36,서빙고동,용산구,37.5205,126.9887,4.7,"핸드드립커피, 스콘, 마들렌",08:00-20:00,02-936-4850,
베이커리 소풍 9호점,카페,서울특별시 강동구 암사동 229-41,암사동,강동구,37.5226,127.1349,4.1,"라떼, 와플, 생크림케이크",09:00-21:00,02-513-7755,
카페 마당 2호점,베이커리/디저트,서울특별시 용산구 원효로동 261-72,원효로동,용산구,37.5252,127.0021,4.6,"마카롱, 케이크, 피낭시에",09:00-20:00,02-945-1889,
소풍 빵집 7호점,베이커리/디저트,서울특별시 영등포구 선유도 187-58,선유도,영등포구,37.5114,126.9218,4.4,"타르트, 에클레어, 마들렌",08:00-21:00,02-449-6818,
파티스리 마당 7호점,베이커리,서울특별시 종로구 인사동 72-53,인사동,종로구,37.5652,126.9873,4.4,"타르트, 에클레어, 마들렌",09:00-21:00,02-972-7437,
소풍 빵집 5호점,카페/디저트,서울특별시 송파구 잠실동 64-58,잠실동,송파구,37.5097,127.1027,4.3,"아메리카노, 라떼, 케이크",10:00-20:00,02-104-9689,
카페 마당 8호점,베이커리/디저트,서울특별시 강동구 암사동 297-23,암사동,강동구,37.5409,127.1239,4.7,"식빵, 단팥빵, 크림빵",11:00-22:00,02-720-6273,
카페드 향기 8호점,카페/베이커리,서울특별시 도봉구 도봉동 176-38,도봉동,도봉구,37.6666,127.032,4.7,"라떼, 와플, 생크림케이크",11:00-22:00,02-816-9393,
파티스리 마당 7호점,베이커리,서울특별시 영등포구 선유도 108-80,선유도,영등포구,37.5294,126.9196,4.3,"식빵, 단팥빵, 크림빵",10:00-21:00,02-615-9888,
햇살 베이커리 7호점,베이커리/디저트,서울특별시 영등포구 영등포동 214-69,영등포동,영등포구,37.5166,126.9244,4.1,"천연발효빵, 치아바타, 포카차",07:00-21:00,02-209-1414,
별빛 케이크,베이커리,서울특별시 마포구 연남동 83-37,연남동,마포구,37.5635,126.9134,4.1,"마카롱, 케이크, 피낭시에",11:00-21:00,02-308-9866,
카페 달콤 9호점,디저트,서울특별시 종로구 가회동 200-31,가회동,종로구,37.5773,126.9929,4.5,"과일타르트, 젤라또, 크레이프",08:00-21:00,02-490-7349,
미소 케이크 2호점,베이커리,서울특별시 강남구 삼성동 227-29,삼성동,강남구,37.5123,127.0341,4.6,"천연발효빵, 치아바타, 포카차",11:00-22:00,02-659-4218,
온기 빵집,디저트,서울특별시 동대문구 청량리 96-23,청량리,동대문구,37.5881,127.0406,4.1,"빙수, 떡, 아이스크림",08:00-20:00,02-385-5329,
꽃향기 카페,카페,서울특별시 강동구 암사동 239-20,암사동,강동구,37.5202,127.1479,4.1,"스페셜티커피, 티라미수, 마카롱",11:00-22:00,02-963-5934,
르 창문,카페,서울특별시 영등포구 영등포동 270-29,영등포동,영등포구,37.5367,126.9146,4.3,"스페셜티커피, 티라미수, 마카롱",08:00-20:00,02-656-9798,
구름 케이크,베이커리,서울특별시 광진구 건대입구 170-47,건대입구,광진구,37.5348,127.0915,4.8,"마카롱, 케이크, 피낭시에",07:00-21:00,02-943-1144,
베이커리 달콤,디저트,서울특별시 동대문구 청량리 125-6,청량리,동대문구,37.5865,127.0466,4.2,"과일타르트, 젤라또, 크레이프",08:00-20:00,02-362-9851,
파티스리 여름,베이커리/디저트,서울특별시 동작구 이수동 229-63,이수동,동작구,37.4653,126.9939,4.4,"천연발효빵, 치아바타, 포카차",09:00-20:00,02-626-2349,
베이커리 꽃향기,카페,서울특별시 영등포구 선유도 108-28,선유도,영등포구,37.5339,126.9117,4.2,"아메리카노, 라떼, 케이크",10:00-22:00,02-650-8130,
베이커리 별빛,디저트,서울특별시 강남구 대치동 20-12,대치동,강남구,37.4872,127.0183,4.5,"팬케이크, 와플, 크레이프",07:00-21:00,02-172-4729,
파티스리 여유,디저트,서울특별시 은평구 연신내 222-41,연신내,은평구,37.6005,126.9282,4.1,"초코분수, 아이스크림, 마카롱",11:00-22:00,02-164-1745,
베이커리 달콤 3호점,베이커리/디저트,서울특별시 노원구 중계동 145-57,중계동,노원구,37.6304,127.0747,4.1,"크루아상, 소금빵, 바게트",10:00-20:00,02-260-9740,
달빛 빵집 8호점,디저트,서울특별시 영등포구 영등포동 153-48,영등포동,영등포구,37.5367,126.8993,4.3,"화과자, 전통한과, 약과",09:00-21:00,02-142-1082,
골목길 브레드,베이커리/디저트,서울특별시 은평구 응암동 157-27,응암동,은평구,37.6224,126.9351,4.6,"크루아상, 소금빵, 바게트",10:00-22:00,02-522-9397,
꽃향기 카페 4호점,카페/베이커리,서울특별시 강서구 가양동 59-24,가양동,강서구,37.5601,126.838,4.1,"핸드드립커피, 스콘, 마들렌",07:00-21:00,02-572-2198,
파티스리 하늘,베이커리,서울특별시 양천구 목동 250-43,목동,양천구,37.5227,126.8721,4.4,"천연발효빵, 치아바타, 포카차",09:00-21:00,02-391-2143,
미소 빵집 9호점,베이커리/디저트,서울특별시 동대문구 이문동 300-20,이문동,동대문구,37.583,127.0479,4.6,"마카롱, 케이크, 피낭시에",08:00-20:00,02-272-1079,
오후 베이커리 5호점,카페/베이커리,서울특별시 성북구 정릉동 170-62,정릉동,성북구,37.6079,126.9898,4.5,"핸드드립커피, 스콘, 마들렌",10:00-20:00,02-664-2783,
골목길 카페,베이커리,서울특별시 용산구 청파동 101-34,청파동,용산구,37.541,127.0008,4.2,"천연발효빵, 치아바타, 포카차",08:00-21:00,02-969-9309,
카페 테라스,베이커리/디저트,서울특별시 강동구 암사동 19-71,암사동,강동구,37.5268,127.1468,4.8,"식빵, 단팥빵, 크림빵",10:00-21:00,02-474-7430,
테라스 빵집,카페/디저트,서울특별시 노원구 상계동 262-12,상계동,노원구,37.6309,127.0651,4.4,"콜드브루, 초코무스, 타르트",11:00-22:00,02-800-3717,
카페드 달빛,베이커리,서울특별시 동대문구 청량리 290-19,청량리,동대문구,37.5881,127.0515,4.6,"천연발효빵, 치아바타, 포카차",08:00-21:00,02-324-8989,
하늘 빵집 6호점,카페,서울특별시 광진구 건대입구 266-47,건대입구,광진구,37.5376,127.0905,4.1,"핸드드립커피, 스콘, 마들렌",08:00-21:00,02-764-6309,
베이커리 언덕 6호점,베이커리/디저트,서울특별시 양천구 신월동 90-49,신월동,양천구,37.5316,126.863,4.2,"천연발효빵, 치아바타, 포카차",07:00-21:00,02-357-7165,
언덕 빵집 8호점,카페/디저트,서울특별시 광진구 구의동 4-65,구의동,광진구,37.5525,127.0762,4.4,"라떼, 와플, 생크림케이크",09:00-21:00,02-626-5600,
별빛 빵집 4호점,베이커리/디저트,서울특별시 서대문구 충정로 118-54,충정로,서대문구,37.5673,126.9436,4.8,"크루아상, 소금빵, 바게트",10:00-20:00,02-590-4452,
꽃향기 브레드,베이커리,서울특별시 성북구 성북동 66-74,성북동,성북구,37.6118,126.983,4.1,"크루아상, 소금빵, 바게트",11:00-22:00,02-250-1916,
저녁 카페 4호점,베이커리/디저트,서울특별시 동작구 이수동 10-37,이수동,동작구,37.4924,126.9735,4.8,"천연발효빵, 치아바타, 포카차",10:00-20:00,02-274-4594,
골목길 케이크 4호점,베이커리/디저트,서울특별시 강동구 천호동 136-22,천호동,강동구,37.5407,127.1303,4.8,"천연발효빵, 치아바타, 포카차",11:00-22:00,02-704-2127,
향기 빵집 8호점,카페,서울특별시 중구 명동 268-65,명동,중구,37.5665,126.9958,4.2,"핸드드립커피, 스콘, 마들렌",10:00-21:00,02-587-1639,
카페드 골목,카페/디저트,서울특별시 종로구 삼청동 277-1,삼청동,종로구,37.5889,126.9922,4.7,"핸드드립커피, 스콘, 마들렌",07:00-21:00,02-530-7068,
카페 언덕,카페/디저트,서울특별시 성북구 성북동 180-76,성북동,성북구,37.6181,127.0062,4.2,"라떼, 와플, 생크림케이크",08:00-20:00,02-237-5170,
르 새벽 3호점,카페/베이커리,서울특별시 노원구 월계동 3-1,월계동,노원구,37.6363,127.0535,4.1,"핸드드립커피, 스콘, 마들렌",08:00-20:00,02-770-4365,
여유 베이커리 7호점,카페/디저트,서울특별시 종로구 계동 130-34,계동,종로구,37.5876,126.9817,4.6,"콜드브루, 초코무스, 타르트",11:00-22:00,02-382-7511,
여유 빵집 9호점,베이커리/디저트,서울특별시 서대문구 충정로 248-33,충정로,서대문구,37.5727,126.9393,4.7,"천연발효빵, 치아바타, 포카차",10:00-21:00,02-975-2951,
추억 빵집 4호점,베이커리/디저트,서울특별시 종로구 가회동 174-71,가회동,종로구,37.5804,126.9895,4.1,"타르트, 에클레어, 마들렌",10:00-21:00,02-498-1086,
베이커리 별빛 9호점,카페,서울특별시 도봉구 방학동 135-29,방학동,도봉구,37.6641,127.0463,4.7,"아메리카노, 라떼, 케이크",08:00-20:00,02-728-9536,
파티스리 골목길,디저트,서울특별시 마포구 망원동 225-2,망원동,마포구,37.5491,126.9287,4.5,"초코분수, 아이스크림, 마카롱",10:00-22:00,02-134-9364,
카페드 새벽,디저트,서울특별시 도봉구 도봉동 185-31,도봉동,도봉구,37.6727,127.0573,4.2,"빙수, 떡, 아이스크림",11:00-21:00,02-898-7544,
감성 베이커리 8호점,베이커리/디저트,서울특별시 강동구 천호동 36-12,천호동,강동구,37.5355,127.1418,4.6,"크루아상, 소금빵, 바게트",09:00-20:00,02-935-5530,
골목길 빵집,카페/디저트,서울특별시 성동구 금호동 3-34,금호동,성동구,37.5353,127.0442,4.2,"콜드브루, 초코무스, 타르트",07:00-21:00,02-401-6570,
베이커리 골목,베이커리/디저트,서울특별시 양천구 신월동 227-49,신월동,양천구,37.5289,126.8751,4.6,"마카롱, 케이크, 피낭시에",10:00-20:00,02-797-8548,
여름 브레드 9호점,카페,서울특별시 종로구 북촌 113-30,북촌,종로구,37.586,126.9814,4.6,"라떼, 와플, 생크림케이크",07:00-21:00,02-648-1159,
파티스리 오후,카페/디저트,서울특별시 노원구 공릉동 39-71,공릉동,노원구,37.6469,127.0643,4.6,"스페셜티커피, 티라미수, 마카롱",10:00-22:00,02-687-5408,
초록 카페,베이커리,서울특별시 관악구 신림동 136-27,신림동,관악구,37.4759,126.938,4.6,"식빵, 단팥빵, 크림빵",10:00-21:00,02-897-2747,
베이커리 구름 9호점,베이커리/디저트,서울특별시 도봉구 도봉동 247-48,도봉동,도봉구,37.6716,127.0428,4.5,"크루아상, 소금빵, 바게트",10:00-20:00,02-287-9374,
파티스리 감성 5호점,카페,서울특별시 강동구 천호동 217-62,천호동,강동구,37.5472,127.121,4.6,"콜드브루, 초코무스, 타르트",08:00-20:00,02-981-3863,
르 햇살 9호점,카페,서울특별시 송파구 잠실동 195-75,잠실동,송파구,37.499,127.0958,4.5,"핸드드립커피, 스콘, 마들렌",10:00-21:00,02-661-5306,
아침 빵집 9호점,카페/베이커리,서울특별시 도봉구 방학동 256-55,방학동,도봉구,37.6593,127.049,4.6,"핸드드립커피, 스콘, 마들렌",09:00-20:00,02-974-7563,
파티스리 추억,베이커리,서울특별시 서대문구 홍제동 118-13,홍제동,서대문구,37.5646,126.9461,4.7,"천연발효빵, 치아바타, 포카차",08:00-20:00,02-300-3389,
서울 카페 2호점,카페/디저트,서울특별시 서대문구 홍은동 265-69,홍은동,서대문구,37.5646,126.9456,4.5,"핸드드립커피, 스콘, 마들렌",11:00-21:00,02-675-1781,
바람 케이크 4호점,카페/베이커리,서울특별시 마포구 서교동 50-58,서교동,마포구,37.5653,126.9168,4.6,"라떼, 와플, 생크림케이크",07:00-21:00,02-670-5222,
여름 베이커리,카페/베이커리,서울특별시 성북구 성북동 102-74,성북동,성북구,37.6113,126.9985,4.3,"콜드브루, 초코무스, 타르트",11:00-21:00,02-463-6326,
카페드 도시 9호점,베이커리/디저트,서울특별시 용산구 서빙고동 238-19,서빙고동,용산구,37.545,127.0012,4.6,"마카롱, 케이크, 피낭시에",08:00-20:00,02-746-7631,
베이커리 구름 4호점,카페/베이커리,서울특별시 송파구 방이동 150-35,방이동,송파구,37.5142,127.0969,4.8,"스페셜티커피, 티라미수, 마카롱",09:00-20:00,02-865-9535,
르 여유 4호점,베이커리,서울특별시 서대문구 연희동 129-11,연희동,서대문구,37.5493,126.9339,4.2,"식빵, 단팥빵, 크림빵",09:00-21:00,02-999-8752,
카페드 겨울 2호점,카페,서울특별시 은평구 응암동 135-80,응암동,은평구,37.6047,126.9276,4.7,"아메리카노, 라떼, 케이크",11:00-21:00,02-334-5053,
파티스리 추억 4호점,베이커리,서울특별시 중구 남대문로 18-46,남대문로,중구,37.5718,126.9808,4.8,"크루아상, 소금빵, 바게트",10:00-20:00,02-991-9856,
파티스리 마당 9호점,베이커리/디저트,서울특별시 중구 을지로 234-73,을지로,중구,37.559,126.9902,4.5,"식빵, 단팥빵, 크림빵",09:00-20:00,02-593-9841,
구름 빵집,카페/베이커리,서울특별시 동대문구 이문동 134-20,이문동,동대문구,37.5751,127.037,4.3,"라떼, 와플, 생크림케이크",09:00-20:00,02-393-8687,
